	DROP TABLE REGION CASCADE CONSTRAINTS PURGE;
    DROP TABLE COMUNA CASCADE CONSTRAINTS PURGE;
	DROP TABLE DETALLE_VENTA CASCADE CONSTRAINTS PURGE;
	DROP TABLE LABORATORIO CASCADE CONSTRAINTS PURGE;
	DROP TABLE MEDICAMENT_RESP CASCADE CONSTRAINTS PURGE;
	DROP TABLE MEDICAMENTO CASCADE CONSTRAINTS PURGE;
	DROP TABLE SUCURSAL CASCADE CONSTRAINTS PURGE;
	DROP TABLE EMPLEADO CASCADE CONSTRAINTS PURGE;
	DROP TABLE VENTA CASCADE CONSTRAINTS PURGE;
	DROP TABLE VENTAS CASCADE CONSTRAINTS PURGE;
	DROP TABLE DESCUENTOS CASCADE CONSTRAINT PURGE;
	DROP TABLE INFORME_VENTAS CASCADE CONSTRAINT PURGE;
	DROP SEQUENCE SQ_REGION;
	DROP SEQUENCE SQ_COMUNA;

	CREATE TABLE DETALLE_VENTA 
		( 
		 FOLIO INTEGER , 
		 COD_MEDICAMENTO INTEGER , 
		 CANTIDAD INTEGER , 
		 DETALLE_VENTA VARCHAR2 (100) 
		) 
	;


	CREATE TABLE LABORATORIO 
		( 
		 COD_LABORATORIO INTEGER  NOT NULL , 
		 NOMBRE_LABORATORIO VARCHAR2 (50) , 
		 DIRECC_LABORATORIO VARCHAR2 (70) , 
		 TELEF_LABORATORIO VARCHAR2 (20) 
		) 
	;


	ALTER TABLE LABORATORIO 
		ADD CONSTRAINT "LABORATORIO PK" PRIMARY KEY ( COD_LABORATORIO ) ;


	CREATE TABLE MEDICAMENTO 
		( 
		 COD_MEDICAMENTO INTEGER  NOT NULL , 
		 NOMBRE_MEDICAMENTO VARCHAR2 (30) , 
		 PRECIO_MEDICAMENTO REAL , 
		 TIPO_MEDICAMENTO VARCHAR2(15),
		 LABORATORIO VARCHAR2 (30) 
		) 
	;

	ALTER TABLE MEDICAMENTO 
		ADD CONSTRAINT "MEDICAMENTO PK" PRIMARY KEY ( COD_MEDICAMENTO ) ;
		
	CREATE TABLE SUCURSAL 
		( 
		 COD_SUCURSAL INTEGER  NOT NULL , 
		 NOMBRE_SUCURSAL VARCHAR2 (30) , 
		 DIREC_SUCURSAL VARCHAR2 (50) , 
		 COMUNA_SUCURSAL INTEGER , 
		 COD_LABORATORIO INTEGER 
		) 
	;


	ALTER TABLE SUCURSAL 
		ADD CONSTRAINT "SUCURSAL PK" PRIMARY KEY ( COD_SUCURSAL ) ;


	CREATE TABLE REGION
		(
		COD_REGION INTEGER NOT NULL,
		NOMBRE VARCHAR2(70) NOT NULL
		)
	;

	ALTER TABLE REGION 
		ADD CONSTRAINT "REGION PK" PRIMARY KEY ( COD_REGION ) ;

		
	CREATE TABLE COMUNA
		(
		COD_COMUNA INTEGER NOT NULL,
		NOMBRE VARCHAR2(70) NOT NULL,
		COD_REGION INTEGER NOT NULL
		)
	;

	ALTER TABLE COMUNA 
		ADD CONSTRAINT "COMUNA PK" PRIMARY KEY ( COD_COMUNA ) ;


		
	CREATE TABLE EMPLEADO 
		( 
		 COD_EMPLEADO VARCHAR2 (4)  NOT NULL , 
		 NOM_EMPLEADO VARCHAR2 (30),
		 A_PATERNO VARCHAR2(30),
		 DIRECCION VARCHAR2(100),
		 FECHNAC_EMPLEADO DATE ,
		 FECH_INCORPORACION DATE,
		 SALARIO INT,
		 SEXO CHAR (1) , 
		 COD_SUCURSAL INTEGER 
		) 
	;

	ALTER TABLE EMPLEADO 
		ADD CONSTRAINT "EMPLEADO PK" PRIMARY KEY ( COD_EMPLEADO ) ;


	CREATE TABLE VENTA
		( 
		 FOLIO INTEGER  NOT NULL , 
		 FECHA_VENTA DATE , 
		 VALOR_TOTAL REAL , 
		 FORMA_PAGO VARCHAR2 (20) , 
		 COD_EMPLEADO VARCHAR2 (4) 
		) 
	;


	ALTER TABLE VENTA 
		ADD CONSTRAINT "VENTAS PK" PRIMARY KEY ( FOLIO ) ;

		
	CREATE TABLE MEDICAMENT_RESP 
		( 
		 COD_MEDICAMENTO INTEGER  NOT NULL , 
		 NOMBRE_MEDICAMENTO VARCHAR2 (30) , 
		 PRECIO_MEDICAMENTO REAL ,
		 TIPO_MEDICAMENTO VARCHAR2(15),
		 LABORATORIO VARCHAR2 (30) 
		) 
	;

	CREATE TABLE VENTAS
		( 
		 FOLIO INTEGER  NOT NULL , 
		 FECHA_VENTA DATE , 
		 VALOR_TOTAL REAL , 
		 FORMA_PAGO VARCHAR2 (20) , 
		 COD_EMPLEADO VARCHAR2 (4) 
		) 
	;
	
	CREATE TABLE DESCUENTOS(
		PORCENTAJE NUMBER NOT NULL,
		TIPO_MEDICAMENTO VARCHAR2(15)
	);
	
	CREATE TABLE INFORME_VENTAS(
	  FOLIO INT NOT NULL,
	  FECHA_VENTA DATE,
	  VALOR_TOTAL INT,
	  FORMA_PAGO VARCHAR2(13),
	  COD_EMPLEADO VARCHAR2(4),
	  COD_MEDICAMENTO INT, 
	  CANTIDAD INT,
	  DETALLE_VENTA VARCHAR2(100)
	);

	ALTER TABLE SUCURSAL 
		ADD CONSTRAINT RELATION_1 FOREIGN KEY 
		( 
		 COD_LABORATORIO
		) 
		REFERENCES LABORATORIO 
		( 
		 COD_LABORATORIO
		) 
		ON DELETE SET NULL 
	;

	ALTER TABLE VENTA 
		ADD CONSTRAINT RELATION_3 FOREIGN KEY 
		( 
		 COD_EMPLEADO
		) 
		REFERENCES EMPLEADO 
		( 
		 COD_EMPLEADO
		) 
		ON DELETE SET NULL 
	;

	ALTER TABLE EMPLEADO 
		ADD CONSTRAINT RELATION_5 FOREIGN KEY 
		( 
		 COD_SUCURSAL
		) 
		REFERENCES SUCURSAL 
		( 
		 COD_SUCURSAL
		) 
		ON DELETE SET NULL 
	;

	ALTER TABLE DETALLE_VENTA 
		ADD CONSTRAINT RELATION_6 FOREIGN KEY 
		( 
		 COD_MEDICAMENTO
		) 
		REFERENCES MEDICAMENTO 
		( 
		 COD_MEDICAMENTO
		) 
		ON DELETE SET NULL 
	;


	ALTER TABLE DETALLE_VENTA 
		ADD CONSTRAINT RELATION_7 FOREIGN KEY 
		( 
		 FOLIO
		) 
		REFERENCES VENTA 
		( 
		 FOLIO
		) 
		ON DELETE SET NULL 
	;

	ALTER TABLE COMUNA 
		ADD CONSTRAINT RELATION_8 FOREIGN KEY 
		( 
		 COD_REGION
		) 
		REFERENCES REGION 
		( 
		 COD_REGION
		) 
		ON DELETE SET NULL 
	;

	ALTER TABLE SUCURSAL 
		ADD CONSTRAINT RELATION_9 FOREIGN KEY 
		( 
		 COMUNA_SUCURSAL
		) 
		REFERENCES COMUNA 
		( 
		 COD_COMUNA
		) 
		ON DELETE SET NULL 
	;


	CREATE SEQUENCE SQ_REGION START WITH 1;
	CREATE SEQUENCE SQ_COMUNA START WITH 1;

	INSERT INTO REGION VALUES(SQ_REGION.NEXTVAL, 'REGIÓN DE TARAPACÁ');
	INSERT INTO REGION VALUES(SQ_REGION.NEXTVAL, 'REGIÓN DE ANTOFAGASTA');
	INSERT INTO REGION VALUES(SQ_REGION.NEXTVAL, 'REGIÓN DE ATACAMA');
	INSERT INTO REGION VALUES(SQ_REGION.NEXTVAL, 'REGIÓN DE COQUIMBO');
	INSERT INTO REGION VALUES(SQ_REGION.NEXTVAL, 'REGIÓN DE VALPARAISO');
	INSERT INTO REGION VALUES(SQ_REGION.NEXTVAL, 'REGIÓN DEL LIBERTADOR BERNARDO OHIGGINS');
	INSERT INTO REGION VALUES(SQ_REGION.NEXTVAL, 'REGIÓN DEL MAULE');
	INSERT INTO REGION VALUES(SQ_REGION.NEXTVAL, 'REGIÓN DEL BÍO BÍO');
	INSERT INTO REGION VALUES(SQ_REGION.NEXTVAL, 'REGIÓN DE LA ARAUCANÍA');
	INSERT INTO REGION VALUES(SQ_REGION.NEXTVAL, 'REGIÓN DE LOS LAGOS');
	INSERT INTO REGION VALUES(SQ_REGION.NEXTVAL, 'REGIÓN DE AISÉN DEL GENERAL CARLOS IBAÑEZ DEL CAMPO');
	INSERT INTO REGION VALUES(SQ_REGION.NEXTVAL, 'REGIÓN DE MAGALLANES Y DE LA ANTARTICA CHILENA');
	INSERT INTO REGION VALUES(SQ_REGION.NEXTVAL, 'REGIÓN METROPOLITANA DE SANTIAGO');
	INSERT INTO REGION VALUES(SQ_REGION.NEXTVAL, 'REGIÓN DE ARICA Y PARINACOTA');
	INSERT INTO REGION VALUES(SQ_REGION.NEXTVAL, 'REGIÓN DE LOS RIOS');


	---- INSERCION EN COMUNAS ----

	INSERT INTO COMUNA VALUES(SQ_COMUNA.NEXTVAL,'Iquique',(SELECT cod_region FROM REGION WHERE NOMBRE LIKE 'REGIÓN DE TARAPACÁ'));
	INSERT INTO COMUNA VALUES(SQ_COMUNA.NEXTVAL,'Alto Hospicio',(SELECT cod_region FROM REGION WHERE NOMBRE LIKE 'REGIÓN DE TARAPACÁ'));
	INSERT INTO COMUNA VALUES(SQ_COMUNA.NEXTVAL,'Pozo Almonte',(SELECT cod_region FROM REGION WHERE NOMBRE LIKE 'REGIÓN DE TARAPACÁ'));
	INSERT INTO COMUNA VALUES(SQ_COMUNA.NEXTVAL,'Camiña',(SELECT cod_region FROM REGION WHERE NOMBRE LIKE 'REGIÓN DE TARAPACÁ'));
	INSERT INTO COMUNA VALUES(SQ_COMUNA.NEXTVAL,'Colchane',(SELECT cod_region FROM REGION WHERE NOMBRE LIKE 'REGIÓN DE TARAPACÁ'));
	INSERT INTO COMUNA VALUES(SQ_COMUNA.NEXTVAL,'Huara',(SELECT cod_region FROM REGION WHERE NOMBRE LIKE 'REGIÓN DE TARAPACÁ'));
	INSERT INTO COMUNA VALUES(SQ_COMUNA.NEXTVAL,'Pica',(SELECT cod_region FROM REGION WHERE NOMBRE LIKE 'REGIÓN DE TARAPACÁ'));
	INSERT INTO COMUNA VALUES(SQ_COMUNA.NEXTVAL,'Antofagasta',(SELECT cod_region FROM REGION WHERE NOMBRE LIKE 'REGIÓN DE ANTOFAGASTA'));
	INSERT INTO COMUNA VALUES(SQ_COMUNA.NEXTVAL,'Mejillones',(SELECT cod_region FROM REGION WHERE NOMBRE LIKE 'REGIÓN DE ANTOFAGASTA'));
	INSERT INTO COMUNA VALUES(SQ_COMUNA.NEXTVAL,'Sierra Gorda',(SELECT cod_region FROM REGION WHERE NOMBRE LIKE 'REGIÓN DE ANTOFAGASTA'));
	INSERT INTO COMUNA VALUES(SQ_COMUNA.NEXTVAL,'Taltal',(SELECT cod_region FROM REGION WHERE NOMBRE LIKE 'REGIÓN DE ANTOFAGASTA'));
	INSERT INTO COMUNA VALUES(SQ_COMUNA.NEXTVAL,'Calama',(SELECT cod_region FROM REGION WHERE NOMBRE LIKE 'REGIÓN DE ANTOFAGASTA'));
	INSERT INTO COMUNA VALUES(SQ_COMUNA.NEXTVAL,'Ollagüe',(SELECT cod_region FROM REGION WHERE NOMBRE LIKE 'REGIÓN DE ANTOFAGASTA'));
	INSERT INTO COMUNA VALUES(SQ_COMUNA.NEXTVAL,'San Pedro de Atacama',(SELECT cod_region FROM REGION WHERE NOMBRE LIKE 'REGIÓN DE ANTOFAGASTA'));
	INSERT INTO COMUNA VALUES(SQ_COMUNA.NEXTVAL,'Tocopilla',(SELECT cod_region FROM REGION WHERE NOMBRE LIKE 'REGIÓN DE ANTOFAGASTA'));
	INSERT INTO COMUNA VALUES(SQ_COMUNA.NEXTVAL,'María Elena',(SELECT cod_region FROM REGION WHERE NOMBRE LIKE 'REGIÓN DE ANTOFAGASTA'));
	INSERT INTO COMUNA VALUES(SQ_COMUNA.NEXTVAL,'Copiapó',(SELECT cod_region FROM REGION WHERE NOMBRE LIKE 'REGIÓN DE ATACAMA'));
	INSERT INTO COMUNA VALUES(SQ_COMUNA.NEXTVAL,'Caldera',(SELECT cod_region FROM REGION WHERE NOMBRE LIKE 'REGIÓN DE ATACAMA'));
	INSERT INTO COMUNA VALUES(SQ_COMUNA.NEXTVAL,'Tierra Amarilla',(SELECT cod_region FROM REGION WHERE NOMBRE LIKE 'REGIÓN DE ATACAMA'));
	INSERT INTO COMUNA VALUES(SQ_COMUNA.NEXTVAL,'Chañaral',(SELECT cod_region FROM REGION WHERE NOMBRE LIKE 'REGIÓN DE ATACAMA'));
	INSERT INTO COMUNA VALUES(SQ_COMUNA.NEXTVAL,'Diego de Almagro',(SELECT cod_region FROM REGION WHERE NOMBRE LIKE 'REGIÓN DE ATACAMA'));
	INSERT INTO COMUNA VALUES(SQ_COMUNA.NEXTVAL,'Vallenar',(SELECT cod_region FROM REGION WHERE NOMBRE LIKE 'REGIÓN DE ATACAMA'));
	INSERT INTO COMUNA VALUES(SQ_COMUNA.NEXTVAL,'Alto del Carmen',(SELECT cod_region FROM REGION WHERE NOMBRE LIKE 'REGIÓN DE ATACAMA'));
	INSERT INTO COMUNA VALUES(SQ_COMUNA.NEXTVAL,'Freirina',(SELECT cod_region FROM REGION WHERE NOMBRE LIKE 'REGIÓN DE ATACAMA'));
	INSERT INTO COMUNA VALUES(SQ_COMUNA.NEXTVAL,'Huasco',(SELECT cod_region FROM REGION WHERE NOMBRE LIKE 'REGIÓN DE ATACAMA'));
	INSERT INTO COMUNA VALUES(SQ_COMUNA.NEXTVAL,'La Serena',(SELECT cod_region FROM REGION WHERE NOMBRE LIKE 'REGIÓN DE COQUIMBO'));
	INSERT INTO COMUNA VALUES(SQ_COMUNA.NEXTVAL,'Coquimbo',(SELECT cod_region FROM REGION WHERE NOMBRE LIKE 'REGIÓN DE COQUIMBO'));
	INSERT INTO COMUNA VALUES(SQ_COMUNA.NEXTVAL,'Andacollo',(SELECT cod_region FROM REGION WHERE NOMBRE LIKE 'REGIÓN DE COQUIMBO'));
	INSERT INTO COMUNA VALUES(SQ_COMUNA.NEXTVAL,'La Higuera',(SELECT cod_region FROM REGION WHERE NOMBRE LIKE 'REGIÓN DE COQUIMBO'));
	INSERT INTO COMUNA VALUES(SQ_COMUNA.NEXTVAL,'Paiguano',(SELECT cod_region FROM REGION WHERE NOMBRE LIKE 'REGIÓN DE COQUIMBO'));
	INSERT INTO COMUNA VALUES(SQ_COMUNA.NEXTVAL,'Vicuña',(SELECT cod_region FROM REGION WHERE NOMBRE LIKE 'REGIÓN DE COQUIMBO'));
	INSERT INTO COMUNA VALUES(SQ_COMUNA.NEXTVAL,'Illapel',(SELECT cod_region FROM REGION WHERE NOMBRE LIKE 'REGIÓN DE COQUIMBO'));
	INSERT INTO COMUNA VALUES(SQ_COMUNA.NEXTVAL,'Canela',(SELECT cod_region FROM REGION WHERE NOMBRE LIKE 'REGIÓN DE COQUIMBO'));
	INSERT INTO COMUNA VALUES(SQ_COMUNA.NEXTVAL,'Los Vilos',(SELECT cod_region FROM REGION WHERE NOMBRE LIKE 'REGIÓN DE COQUIMBO'));
	INSERT INTO COMUNA VALUES(SQ_COMUNA.NEXTVAL,'Salamanca',(SELECT cod_region FROM REGION WHERE NOMBRE LIKE 'REGIÓN DE COQUIMBO'));
	INSERT INTO COMUNA VALUES(SQ_COMUNA.NEXTVAL,'Ovalle',(SELECT cod_region FROM REGION WHERE NOMBRE LIKE 'REGIÓN DE COQUIMBO'));
	INSERT INTO COMUNA VALUES(SQ_COMUNA.NEXTVAL,'Combarbalá',(SELECT cod_region FROM REGION WHERE NOMBRE LIKE 'REGIÓN DE COQUIMBO'));
	INSERT INTO COMUNA VALUES(SQ_COMUNA.NEXTVAL,'Monte Patria',(SELECT cod_region FROM REGION WHERE NOMBRE LIKE 'REGIÓN DE COQUIMBO'));
	INSERT INTO COMUNA VALUES(SQ_COMUNA.NEXTVAL,'Punitaqui',(SELECT cod_region FROM REGION WHERE NOMBRE LIKE 'REGIÓN DE COQUIMBO'));
	INSERT INTO COMUNA VALUES(SQ_COMUNA.NEXTVAL,'Río Hurtado',(SELECT cod_region FROM REGION WHERE NOMBRE LIKE 'REGIÓN DE COQUIMBO'));
	INSERT INTO COMUNA VALUES(SQ_COMUNA.NEXTVAL,'Valparaíso',(SELECT cod_region FROM REGION WHERE NOMBRE LIKE 'REGIÓN DE VALPARAISO'));
	INSERT INTO COMUNA VALUES(SQ_COMUNA.NEXTVAL,'Casablanca',(SELECT cod_region FROM REGION WHERE NOMBRE LIKE 'REGIÓN DE VALPARAISO'));
	INSERT INTO COMUNA VALUES(SQ_COMUNA.NEXTVAL,'Concón',(SELECT cod_region FROM REGION WHERE NOMBRE LIKE 'REGIÓN DE VALPARAISO'));
	INSERT INTO COMUNA VALUES(SQ_COMUNA.NEXTVAL,'Juan Fernández',(SELECT cod_region FROM REGION WHERE NOMBRE LIKE 'REGIÓN DE VALPARAISO'));
	INSERT INTO COMUNA VALUES(SQ_COMUNA.NEXTVAL,'Puchuncaví',(SELECT cod_region FROM REGION WHERE NOMBRE LIKE 'REGIÓN DE VALPARAISO'));
	INSERT INTO COMUNA VALUES(SQ_COMUNA.NEXTVAL,'Quintero',(SELECT cod_region FROM REGION WHERE NOMBRE LIKE 'REGIÓN DE VALPARAISO'));
	INSERT INTO COMUNA VALUES(SQ_COMUNA.NEXTVAL,'Viña del Mar',(SELECT cod_region FROM REGION WHERE NOMBRE LIKE 'REGIÓN DE VALPARAISO'));
	INSERT INTO COMUNA VALUES(SQ_COMUNA.NEXTVAL,'Isla de Pascua',(SELECT cod_region FROM REGION WHERE NOMBRE LIKE 'REGIÓN DE VALPARAISO'));
	INSERT INTO COMUNA VALUES(SQ_COMUNA.NEXTVAL,'Los Andes',(SELECT cod_region FROM REGION WHERE NOMBRE LIKE 'REGIÓN DE VALPARAISO'));
	INSERT INTO COMUNA VALUES(SQ_COMUNA.NEXTVAL,'Calle Larga',(SELECT cod_region FROM REGION WHERE NOMBRE LIKE 'REGIÓN DE VALPARAISO'));
	INSERT INTO COMUNA VALUES(SQ_COMUNA.NEXTVAL,'Rinconada',(SELECT cod_region FROM REGION WHERE NOMBRE LIKE 'REGIÓN DE VALPARAISO'));
	INSERT INTO COMUNA VALUES(SQ_COMUNA.NEXTVAL,'San Esteban',(SELECT cod_region FROM REGION WHERE NOMBRE LIKE 'REGIÓN DE VALPARAISO'));
	INSERT INTO COMUNA VALUES(SQ_COMUNA.NEXTVAL,'La Ligua',(SELECT cod_region FROM REGION WHERE NOMBRE LIKE 'REGIÓN DE VALPARAISO'));
	INSERT INTO COMUNA VALUES(SQ_COMUNA.NEXTVAL,'Cabildo',(SELECT cod_region FROM REGION WHERE NOMBRE LIKE 'REGIÓN DE VALPARAISO'));
	INSERT INTO COMUNA VALUES(SQ_COMUNA.NEXTVAL,'Papudo',(SELECT cod_region FROM REGION WHERE NOMBRE LIKE 'REGIÓN DE VALPARAISO'));
	INSERT INTO COMUNA VALUES(SQ_COMUNA.NEXTVAL,'Petorca',(SELECT cod_region FROM REGION WHERE NOMBRE LIKE 'REGIÓN DE VALPARAISO'));
	INSERT INTO COMUNA VALUES(SQ_COMUNA.NEXTVAL,'Zapallar',(SELECT cod_region FROM REGION WHERE NOMBRE LIKE 'REGIÓN DE VALPARAISO'));
	INSERT INTO COMUNA VALUES(SQ_COMUNA.NEXTVAL,'Quillota',(SELECT cod_region FROM REGION WHERE NOMBRE LIKE 'REGIÓN DE VALPARAISO'));
	INSERT INTO COMUNA VALUES(SQ_COMUNA.NEXTVAL,'Calera',(SELECT cod_region FROM REGION WHERE NOMBRE LIKE 'REGIÓN DE VALPARAISO'));
	INSERT INTO COMUNA VALUES(SQ_COMUNA.NEXTVAL,'Hijuelas',(SELECT cod_region FROM REGION WHERE NOMBRE LIKE 'REGIÓN DE VALPARAISO'));
	INSERT INTO COMUNA VALUES(SQ_COMUNA.NEXTVAL,'La Cruz',(SELECT cod_region FROM REGION WHERE NOMBRE LIKE 'REGIÓN DE VALPARAISO'));
	INSERT INTO COMUNA VALUES(SQ_COMUNA.NEXTVAL,'Nogales',(SELECT cod_region FROM REGION WHERE NOMBRE LIKE 'REGIÓN DE VALPARAISO'));
	INSERT INTO COMUNA VALUES(SQ_COMUNA.NEXTVAL,'San Antonio',(SELECT cod_region FROM REGION WHERE NOMBRE LIKE 'REGIÓN DE VALPARAISO'));
	INSERT INTO COMUNA VALUES(SQ_COMUNA.NEXTVAL,'Algarrobo',(SELECT cod_region FROM REGION WHERE NOMBRE LIKE 'REGIÓN DE VALPARAISO'));
	INSERT INTO COMUNA VALUES(SQ_COMUNA.NEXTVAL,'Cartagena',(SELECT cod_region FROM REGION WHERE NOMBRE LIKE 'REGIÓN DE VALPARAISO'));
	INSERT INTO COMUNA VALUES(SQ_COMUNA.NEXTVAL,'El Quisco',(SELECT cod_region FROM REGION WHERE NOMBRE LIKE 'REGIÓN DE VALPARAISO'));
	INSERT INTO COMUNA VALUES(SQ_COMUNA.NEXTVAL,'El Tabo',(SELECT cod_region FROM REGION WHERE NOMBRE LIKE 'REGIÓN DE VALPARAISO'));
	INSERT INTO COMUNA VALUES(SQ_COMUNA.NEXTVAL,'Santo Domingo',(SELECT cod_region FROM REGION WHERE NOMBRE LIKE 'REGIÓN DE VALPARAISO'));
	INSERT INTO COMUNA VALUES(SQ_COMUNA.NEXTVAL,'San Felipe',(SELECT cod_region FROM REGION WHERE NOMBRE LIKE 'REGIÓN DE VALPARAISO'));
	INSERT INTO COMUNA VALUES(SQ_COMUNA.NEXTVAL,'Catemu',(SELECT cod_region FROM REGION WHERE NOMBRE LIKE 'REGIÓN DE VALPARAISO'));
	INSERT INTO COMUNA VALUES(SQ_COMUNA.NEXTVAL,'Llaillay',(SELECT cod_region FROM REGION WHERE NOMBRE LIKE 'REGIÓN DE VALPARAISO'));
	INSERT INTO COMUNA VALUES(SQ_COMUNA.NEXTVAL,'Panquehue',(SELECT cod_region FROM REGION WHERE NOMBRE LIKE 'REGIÓN DE VALPARAISO'));
	INSERT INTO COMUNA VALUES(SQ_COMUNA.NEXTVAL,'Putaendo',(SELECT cod_region FROM REGION WHERE NOMBRE LIKE 'REGIÓN DE VALPARAISO'));
	INSERT INTO COMUNA VALUES(SQ_COMUNA.NEXTVAL,'Santa María',(SELECT cod_region FROM REGION WHERE NOMBRE LIKE 'REGIÓN DE VALPARAISO'));
	INSERT INTO COMUNA VALUES(SQ_COMUNA.NEXTVAL,'Limache',(SELECT cod_region FROM REGION WHERE NOMBRE LIKE 'REGIÓN DE VALPARAISO'));
	INSERT INTO COMUNA VALUES(SQ_COMUNA.NEXTVAL,'Quilpué',(SELECT cod_region FROM REGION WHERE NOMBRE LIKE 'REGIÓN DE VALPARAISO'));
	INSERT INTO COMUNA VALUES(SQ_COMUNA.NEXTVAL,'Villa Alemana',(SELECT cod_region FROM REGION WHERE NOMBRE LIKE 'REGIÓN DE VALPARAISO'));
	INSERT INTO COMUNA VALUES(SQ_COMUNA.NEXTVAL,'Olmué',(SELECT cod_region FROM REGION WHERE NOMBRE LIKE 'REGIÓN DE VALPARAISO'));
	INSERT INTO COMUNA VALUES(SQ_COMUNA.NEXTVAL,'Santiago',(SELECT cod_region FROM REGION WHERE NOMBRE LIKE 'REGIÓN METROPOLITANA DE SANTIAGO'));
	INSERT INTO COMUNA VALUES(SQ_COMUNA.NEXTVAL,'Cerrillos',(SELECT cod_region FROM REGION WHERE NOMBRE LIKE 'REGIÓN METROPOLITANA DE SANTIAGO'));
	INSERT INTO COMUNA VALUES(SQ_COMUNA.NEXTVAL,'Cerro Navia',(SELECT cod_region FROM REGION WHERE NOMBRE LIKE 'REGIÓN METROPOLITANA DE SANTIAGO'));
	INSERT INTO COMUNA VALUES(SQ_COMUNA.NEXTVAL,'Conchalí',(SELECT cod_region FROM REGION WHERE NOMBRE LIKE 'REGIÓN METROPOLITANA DE SANTIAGO'));
	INSERT INTO COMUNA VALUES(SQ_COMUNA.NEXTVAL,'El Bosque',(SELECT cod_region FROM REGION WHERE NOMBRE LIKE 'REGIÓN METROPOLITANA DE SANTIAGO'));
	INSERT INTO COMUNA VALUES(SQ_COMUNA.NEXTVAL,'Estación Central',(SELECT cod_region FROM REGION WHERE NOMBRE LIKE 'REGIÓN METROPOLITANA DE SANTIAGO'));
	INSERT INTO COMUNA VALUES(SQ_COMUNA.NEXTVAL,'Huechuraba',(SELECT cod_region FROM REGION WHERE NOMBRE LIKE 'REGIÓN METROPOLITANA DE SANTIAGO'));
	INSERT INTO COMUNA VALUES(SQ_COMUNA.NEXTVAL,'Independencia',(SELECT cod_region FROM REGION WHERE NOMBRE LIKE 'REGIÓN METROPOLITANA DE SANTIAGO'));
	INSERT INTO COMUNA VALUES(SQ_COMUNA.NEXTVAL,'La Cisterna',(SELECT cod_region FROM REGION WHERE NOMBRE LIKE 'REGIÓN METROPOLITANA DE SANTIAGO'));
	INSERT INTO COMUNA VALUES(SQ_COMUNA.NEXTVAL,'La Florida',(SELECT cod_region FROM REGION WHERE NOMBRE LIKE 'REGIÓN METROPOLITANA DE SANTIAGO'));
	INSERT INTO COMUNA VALUES(SQ_COMUNA.NEXTVAL,'La Granja',(SELECT cod_region FROM REGION WHERE NOMBRE LIKE 'REGIÓN METROPOLITANA DE SANTIAGO'));
	INSERT INTO COMUNA VALUES(SQ_COMUNA.NEXTVAL,'La Pintana',(SELECT cod_region FROM REGION WHERE NOMBRE LIKE 'REGIÓN METROPOLITANA DE SANTIAGO'));
	INSERT INTO COMUNA VALUES(SQ_COMUNA.NEXTVAL,'La Reina',(SELECT cod_region FROM REGION WHERE NOMBRE LIKE 'REGIÓN METROPOLITANA DE SANTIAGO'));
	INSERT INTO COMUNA VALUES(SQ_COMUNA.NEXTVAL,'Las Condes',(SELECT cod_region FROM REGION WHERE NOMBRE LIKE 'REGIÓN METROPOLITANA DE SANTIAGO'));
	INSERT INTO COMUNA VALUES(SQ_COMUNA.NEXTVAL,'Lo Barnechea',(SELECT cod_region FROM REGION WHERE NOMBRE LIKE 'REGIÓN METROPOLITANA DE SANTIAGO'));
	INSERT INTO COMUNA VALUES(SQ_COMUNA.NEXTVAL,'Lo Espejo',(SELECT cod_region FROM REGION WHERE NOMBRE LIKE 'REGIÓN METROPOLITANA DE SANTIAGO'));
	INSERT INTO COMUNA VALUES(SQ_COMUNA.NEXTVAL,'Lo Prado',(SELECT cod_region FROM REGION WHERE NOMBRE LIKE 'REGIÓN METROPOLITANA DE SANTIAGO'));
	INSERT INTO COMUNA VALUES(SQ_COMUNA.NEXTVAL,'Macul',(SELECT cod_region FROM REGION WHERE NOMBRE LIKE 'REGIÓN METROPOLITANA DE SANTIAGO'));
	INSERT INTO COMUNA VALUES(SQ_COMUNA.NEXTVAL,'Maipú',(SELECT cod_region FROM REGION WHERE NOMBRE LIKE 'REGIÓN METROPOLITANA DE SANTIAGO'));
	INSERT INTO COMUNA VALUES(SQ_COMUNA.NEXTVAL,'Ñuñoa',(SELECT cod_region FROM REGION WHERE NOMBRE LIKE 'REGIÓN METROPOLITANA DE SANTIAGO'));
	INSERT INTO COMUNA VALUES(SQ_COMUNA.NEXTVAL,'Pedro Aguirre Cerda',(SELECT cod_region FROM REGION WHERE NOMBRE LIKE 'REGIÓN METROPOLITANA DE SANTIAGO'));
	INSERT INTO COMUNA VALUES(SQ_COMUNA.NEXTVAL,'Peñalolén',(SELECT cod_region FROM REGION WHERE NOMBRE LIKE 'REGIÓN METROPOLITANA DE SANTIAGO'));
	INSERT INTO COMUNA VALUES(SQ_COMUNA.NEXTVAL,'Providencia',(SELECT cod_region FROM REGION WHERE NOMBRE LIKE 'REGIÓN METROPOLITANA DE SANTIAGO'));
	INSERT INTO COMUNA VALUES(SQ_COMUNA.NEXTVAL,'Pudahuel',(SELECT cod_region FROM REGION WHERE NOMBRE LIKE 'REGIÓN METROPOLITANA DE SANTIAGO'));
	INSERT INTO COMUNA VALUES(SQ_COMUNA.NEXTVAL,'Quilicura',(SELECT cod_region FROM REGION WHERE NOMBRE LIKE 'REGIÓN METROPOLITANA DE SANTIAGO'));
	INSERT INTO COMUNA VALUES(SQ_COMUNA.NEXTVAL,'Quinta Normal',(SELECT cod_region FROM REGION WHERE NOMBRE LIKE 'REGIÓN METROPOLITANA DE SANTIAGO'));
	INSERT INTO COMUNA VALUES(SQ_COMUNA.NEXTVAL,'Recoleta',(SELECT cod_region FROM REGION WHERE NOMBRE LIKE 'REGIÓN METROPOLITANA DE SANTIAGO'));
	INSERT INTO COMUNA VALUES(SQ_COMUNA.NEXTVAL,'Renca',(SELECT cod_region FROM REGION WHERE NOMBRE LIKE 'REGIÓN METROPOLITANA DE SANTIAGO'));
	INSERT INTO COMUNA VALUES(SQ_COMUNA.NEXTVAL,'San Joaquín',(SELECT cod_region FROM REGION WHERE NOMBRE LIKE 'REGIÓN METROPOLITANA DE SANTIAGO'));
	INSERT INTO COMUNA VALUES(SQ_COMUNA.NEXTVAL,'San Miguel',(SELECT cod_region FROM REGION WHERE NOMBRE LIKE 'REGIÓN METROPOLITANA DE SANTIAGO'));
	INSERT INTO COMUNA VALUES(SQ_COMUNA.NEXTVAL,'San Ramón',(SELECT cod_region FROM REGION WHERE NOMBRE LIKE 'REGIÓN METROPOLITANA DE SANTIAGO'));
	INSERT INTO COMUNA VALUES(SQ_COMUNA.NEXTVAL,'Vitacura',(SELECT cod_region FROM REGION WHERE NOMBRE LIKE 'REGIÓN METROPOLITANA DE SANTIAGO'));
	INSERT INTO COMUNA VALUES(SQ_COMUNA.NEXTVAL,'Puente Alto',(SELECT cod_region FROM REGION WHERE NOMBRE LIKE 'REGIÓN METROPOLITANA DE SANTIAGO'));
	INSERT INTO COMUNA VALUES(SQ_COMUNA.NEXTVAL,'Pirque',(SELECT cod_region FROM REGION WHERE NOMBRE LIKE 'REGIÓN METROPOLITANA DE SANTIAGO'));
	INSERT INTO COMUNA VALUES(SQ_COMUNA.NEXTVAL,'San José de Maipo',(SELECT cod_region FROM REGION WHERE NOMBRE LIKE 'REGIÓN METROPOLITANA DE SANTIAGO'));
	INSERT INTO COMUNA VALUES(SQ_COMUNA.NEXTVAL,'Colina',(SELECT cod_region FROM REGION WHERE NOMBRE LIKE 'REGIÓN METROPOLITANA DE SANTIAGO'));
	INSERT INTO COMUNA VALUES(SQ_COMUNA.NEXTVAL,'Lampa',(SELECT cod_region FROM REGION WHERE NOMBRE LIKE 'REGIÓN METROPOLITANA DE SANTIAGO'));
	INSERT INTO COMUNA VALUES(SQ_COMUNA.NEXTVAL,'Tiltil',(SELECT cod_region FROM REGION WHERE NOMBRE LIKE 'REGIÓN METROPOLITANA DE SANTIAGO'));
	INSERT INTO COMUNA VALUES(SQ_COMUNA.NEXTVAL,'San Bernardo',(SELECT cod_region FROM REGION WHERE NOMBRE LIKE 'REGIÓN METROPOLITANA DE SANTIAGO'));
	INSERT INTO COMUNA VALUES(SQ_COMUNA.NEXTVAL,'Calera de Tango',(SELECT cod_region FROM REGION WHERE NOMBRE LIKE 'REGIÓN METROPOLITANA DE SANTIAGO'));
	INSERT INTO COMUNA VALUES(SQ_COMUNA.NEXTVAL,'Paine',(SELECT cod_region FROM REGION WHERE NOMBRE LIKE 'REGIÓN METROPOLITANA DE SANTIAGO'));
	INSERT INTO COMUNA VALUES(SQ_COMUNA.NEXTVAL,'Melipilla',(SELECT cod_region FROM REGION WHERE NOMBRE LIKE 'REGIÓN METROPOLITANA DE SANTIAGO'));
	INSERT INTO COMUNA VALUES(SQ_COMUNA.NEXTVAL,'Alhué',(SELECT cod_region FROM REGION WHERE NOMBRE LIKE 'REGIÓN METROPOLITANA DE SANTIAGO'));
	INSERT INTO COMUNA VALUES(SQ_COMUNA.NEXTVAL,'Curacaví',(SELECT cod_region FROM REGION WHERE NOMBRE LIKE 'REGIÓN METROPOLITANA DE SANTIAGO'));
	INSERT INTO COMUNA VALUES(SQ_COMUNA.NEXTVAL,'María Pinto',(SELECT cod_region FROM REGION WHERE NOMBRE LIKE 'REGIÓN METROPOLITANA DE SANTIAGO'));
	INSERT INTO COMUNA VALUES(SQ_COMUNA.NEXTVAL,'San Pedro',(SELECT cod_region FROM REGION WHERE NOMBRE LIKE 'REGIÓN METROPOLITANA DE SANTIAGO'));
	INSERT INTO COMUNA VALUES(SQ_COMUNA.NEXTVAL,'Talagante',(SELECT cod_region FROM REGION WHERE NOMBRE LIKE 'REGIÓN METROPOLITANA DE SANTIAGO'));
	INSERT INTO COMUNA VALUES(SQ_COMUNA.NEXTVAL,'El Monte',(SELECT cod_region FROM REGION WHERE NOMBRE LIKE 'REGIÓN METROPOLITANA DE SANTIAGO'));
	INSERT INTO COMUNA VALUES(SQ_COMUNA.NEXTVAL,'Isla de Maipo',(SELECT cod_region FROM REGION WHERE NOMBRE LIKE 'REGIÓN METROPOLITANA DE SANTIAGO'));
	INSERT INTO COMUNA VALUES(SQ_COMUNA.NEXTVAL,'Padre Hurtado',(SELECT cod_region FROM REGION WHERE NOMBRE LIKE 'REGIÓN METROPOLITANA DE SANTIAGO'));
	INSERT INTO COMUNA VALUES(SQ_COMUNA.NEXTVAL,'Peñaflor',(SELECT cod_region FROM REGION WHERE NOMBRE LIKE 'REGIÓN METROPOLITANA DE SANTIAGO'));
	INSERT INTO COMUNA VALUES(SQ_COMUNA.NEXTVAL,'Arica',(SELECT cod_region FROM REGION WHERE NOMBRE LIKE 'REGIÓN DE ARICA Y PARINACOTA'));
	INSERT INTO COMUNA VALUES(SQ_COMUNA.NEXTVAL,'Camarones',(SELECT cod_region FROM REGION WHERE NOMBRE LIKE 'REGIÓN DE ARICA Y PARINACOTA'));
	INSERT INTO COMUNA VALUES(SQ_COMUNA.NEXTVAL,'Putre',(SELECT cod_region FROM REGION WHERE NOMBRE LIKE 'REGIÓN DE ARICA Y PARINACOTA'));
	INSERT INTO COMUNA VALUES(SQ_COMUNA.NEXTVAL,'General Lagos',(SELECT cod_region FROM REGION WHERE NOMBRE LIKE 'REGIÓN DE ARICA Y PARINACOTA'));
	INSERT INTO COMUNA VALUES(SQ_COMUNA.NEXTVAL,'Rancagua',(SELECT cod_region FROM REGION WHERE NOMBRE LIKE 'REGIÓN DEL LIBERTADOR BERNARDO OHIGGINS'));
	INSERT INTO COMUNA VALUES(SQ_COMUNA.NEXTVAL,'Codegua',(SELECT cod_region FROM REGION WHERE NOMBRE LIKE 'REGIÓN DEL LIBERTADOR BERNARDO OHIGGINS'));
	INSERT INTO COMUNA VALUES(SQ_COMUNA.NEXTVAL,'Coinco',(SELECT cod_region FROM REGION WHERE NOMBRE LIKE 'REGIÓN DEL LIBERTADOR BERNARDO OHIGGINS'));
	INSERT INTO COMUNA VALUES(SQ_COMUNA.NEXTVAL,'Coltauco',(SELECT cod_region FROM REGION WHERE NOMBRE LIKE 'REGIÓN DEL LIBERTADOR BERNARDO OHIGGINS'));
	INSERT INTO COMUNA VALUES(SQ_COMUNA.NEXTVAL,'Doñihue',(SELECT cod_region FROM REGION WHERE NOMBRE LIKE 'REGIÓN DEL LIBERTADOR BERNARDO OHIGGINS'));
	INSERT INTO COMUNA VALUES(SQ_COMUNA.NEXTVAL,'Graneros',(SELECT cod_region FROM REGION WHERE NOMBRE LIKE 'REGIÓN DEL LIBERTADOR BERNARDO OHIGGINS'));
	INSERT INTO COMUNA VALUES(SQ_COMUNA.NEXTVAL,'Las Cabras',(SELECT cod_region FROM REGION WHERE NOMBRE LIKE 'REGIÓN DEL LIBERTADOR BERNARDO OHIGGINS'));
	INSERT INTO COMUNA VALUES(SQ_COMUNA.NEXTVAL,'Machalí',(SELECT cod_region FROM REGION WHERE NOMBRE LIKE 'REGIÓN DEL LIBERTADOR BERNARDO OHIGGINS'));
	INSERT INTO COMUNA VALUES(SQ_COMUNA.NEXTVAL,'Malloa',(SELECT cod_region FROM REGION WHERE NOMBRE LIKE 'REGIÓN DEL LIBERTADOR BERNARDO OHIGGINS'));
	INSERT INTO COMUNA VALUES(SQ_COMUNA.NEXTVAL,'Mostazal',(SELECT cod_region FROM REGION WHERE NOMBRE LIKE 'REGIÓN DEL LIBERTADOR BERNARDO OHIGGINS'));
	INSERT INTO COMUNA VALUES(SQ_COMUNA.NEXTVAL,'Olivar',(SELECT cod_region FROM REGION WHERE NOMBRE LIKE 'REGIÓN DEL LIBERTADOR BERNARDO OHIGGINS'));
	INSERT INTO COMUNA VALUES(SQ_COMUNA.NEXTVAL,'Peumo',(SELECT cod_region FROM REGION WHERE NOMBRE LIKE 'REGIÓN DEL LIBERTADOR BERNARDO OHIGGINS'));
	INSERT INTO COMUNA VALUES(SQ_COMUNA.NEXTVAL,'Pichidegua',(SELECT cod_region FROM REGION WHERE NOMBRE LIKE 'REGIÓN DEL LIBERTADOR BERNARDO OHIGGINS'));
	INSERT INTO COMUNA VALUES(SQ_COMUNA.NEXTVAL,'Quinta de Tilcoco',(SELECT cod_region FROM REGION WHERE NOMBRE LIKE 'REGIÓN DEL LIBERTADOR BERNARDO OHIGGINS'));
	INSERT INTO COMUNA VALUES(SQ_COMUNA.NEXTVAL,'Rengo',(SELECT cod_region FROM REGION WHERE NOMBRE LIKE 'REGIÓN DEL LIBERTADOR BERNARDO OHIGGINS'));
	INSERT INTO COMUNA VALUES(SQ_COMUNA.NEXTVAL,'Requínoa',(SELECT cod_region FROM REGION WHERE NOMBRE LIKE 'REGIÓN DEL LIBERTADOR BERNARDO OHIGGINS'));
	INSERT INTO COMUNA VALUES(SQ_COMUNA.NEXTVAL,'San Vicente',(SELECT cod_region FROM REGION WHERE NOMBRE LIKE 'REGIÓN DEL LIBERTADOR BERNARDO OHIGGINS'));
	INSERT INTO COMUNA VALUES(SQ_COMUNA.NEXTVAL,'Pichilemu',(SELECT cod_region FROM REGION WHERE NOMBRE LIKE 'REGIÓN DEL LIBERTADOR BERNARDO OHIGGINS'));
	INSERT INTO COMUNA VALUES(SQ_COMUNA.NEXTVAL,'La Estrella',(SELECT cod_region FROM REGION WHERE NOMBRE LIKE 'REGIÓN DEL LIBERTADOR BERNARDO OHIGGINS'));
	INSERT INTO COMUNA VALUES(SQ_COMUNA.NEXTVAL,'Litueche',(SELECT cod_region FROM REGION WHERE NOMBRE LIKE 'REGIÓN DEL LIBERTADOR BERNARDO OHIGGINS'));
	INSERT INTO COMUNA VALUES(SQ_COMUNA.NEXTVAL,'Marchihue',(SELECT cod_region FROM REGION WHERE NOMBRE LIKE 'REGIÓN DEL LIBERTADOR BERNARDO OHIGGINS'));
	INSERT INTO COMUNA VALUES(SQ_COMUNA.NEXTVAL,'Navidad',(SELECT cod_region FROM REGION WHERE NOMBRE LIKE 'REGIÓN DEL LIBERTADOR BERNARDO OHIGGINS'));
	INSERT INTO COMUNA VALUES(SQ_COMUNA.NEXTVAL,'Paredones',(SELECT cod_region FROM REGION WHERE NOMBRE LIKE 'REGIÓN DEL LIBERTADOR BERNARDO OHIGGINS'));
	INSERT INTO COMUNA VALUES(SQ_COMUNA.NEXTVAL,'San Fernando',(SELECT cod_region FROM REGION WHERE NOMBRE LIKE 'REGIÓN DEL LIBERTADOR BERNARDO OHIGGINS'));
	INSERT INTO COMUNA VALUES(SQ_COMUNA.NEXTVAL,'Chépica',(SELECT cod_region FROM REGION WHERE NOMBRE LIKE 'REGIÓN DEL LIBERTADOR BERNARDO OHIGGINS'));
	INSERT INTO COMUNA VALUES(SQ_COMUNA.NEXTVAL,'Chimbarongo',(SELECT cod_region FROM REGION WHERE NOMBRE LIKE 'REGIÓN DEL LIBERTADOR BERNARDO OHIGGINS'));
	INSERT INTO COMUNA VALUES(SQ_COMUNA.NEXTVAL,'Lolol',(SELECT cod_region FROM REGION WHERE NOMBRE LIKE 'REGIÓN DEL LIBERTADOR BERNARDO OHIGGINS'));
	INSERT INTO COMUNA VALUES(SQ_COMUNA.NEXTVAL,'Nancagua',(SELECT cod_region FROM REGION WHERE NOMBRE LIKE 'REGIÓN DEL LIBERTADOR BERNARDO OHIGGINS'));
	INSERT INTO COMUNA VALUES(SQ_COMUNA.NEXTVAL,'Palmilla',(SELECT cod_region FROM REGION WHERE NOMBRE LIKE 'REGIÓN DEL LIBERTADOR BERNARDO OHIGGINS'));
	INSERT INTO COMUNA VALUES(SQ_COMUNA.NEXTVAL,'Peralillo',(SELECT cod_region FROM REGION WHERE NOMBRE LIKE 'REGIÓN DEL LIBERTADOR BERNARDO OHIGGINS'));
	INSERT INTO COMUNA VALUES(SQ_COMUNA.NEXTVAL,'Placilla',(SELECT cod_region FROM REGION WHERE NOMBRE LIKE 'REGIÓN DEL LIBERTADOR BERNARDO OHIGGINS'));
	INSERT INTO COMUNA VALUES(SQ_COMUNA.NEXTVAL,'Pumanque',(SELECT cod_region FROM REGION WHERE NOMBRE LIKE 'REGIÓN DEL LIBERTADOR BERNARDO OHIGGINS'));
	INSERT INTO COMUNA VALUES(SQ_COMUNA.NEXTVAL,'Santa Cruz',(SELECT cod_region FROM REGION WHERE NOMBRE LIKE 'REGIÓN DEL LIBERTADOR BERNARDO OHIGGINS'));
	INSERT INTO COMUNA VALUES(SQ_COMUNA.NEXTVAL,'Talca',(SELECT cod_region FROM REGION WHERE NOMBRE LIKE 'REGIÓN DEL MAULE'));
	INSERT INTO COMUNA VALUES(SQ_COMUNA.NEXTVAL,'Constitución',(SELECT cod_region FROM REGION WHERE NOMBRE LIKE 'REGIÓN DEL MAULE'));
	INSERT INTO COMUNA VALUES(SQ_COMUNA.NEXTVAL,'Curepto',(SELECT cod_region FROM REGION WHERE NOMBRE LIKE 'REGIÓN DEL MAULE'));
	INSERT INTO COMUNA VALUES(SQ_COMUNA.NEXTVAL,'Empedrado',(SELECT cod_region FROM REGION WHERE NOMBRE LIKE 'REGIÓN DEL MAULE'));
	INSERT INTO COMUNA VALUES(SQ_COMUNA.NEXTVAL,'Maule',(SELECT cod_region FROM REGION WHERE NOMBRE LIKE 'REGIÓN DEL MAULE'));
	INSERT INTO COMUNA VALUES(SQ_COMUNA.NEXTVAL,'Pelarco',(SELECT cod_region FROM REGION WHERE NOMBRE LIKE 'REGIÓN DEL MAULE'));
	INSERT INTO COMUNA VALUES(SQ_COMUNA.NEXTVAL,'Pencahue',(SELECT cod_region FROM REGION WHERE NOMBRE LIKE 'REGIÓN DEL MAULE'));
	INSERT INTO COMUNA VALUES(SQ_COMUNA.NEXTVAL,'Río Claro',(SELECT cod_region FROM REGION WHERE NOMBRE LIKE 'REGIÓN DEL MAULE'));
	INSERT INTO COMUNA VALUES(SQ_COMUNA.NEXTVAL,'San Clemente',(SELECT cod_region FROM REGION WHERE NOMBRE LIKE 'REGIÓN DEL MAULE'));
	INSERT INTO COMUNA VALUES(SQ_COMUNA.NEXTVAL,'San Rafael',(SELECT cod_region FROM REGION WHERE NOMBRE LIKE 'REGIÓN DEL MAULE'));
	INSERT INTO COMUNA VALUES(SQ_COMUNA.NEXTVAL,'Cauquenes',(SELECT cod_region FROM REGION WHERE NOMBRE LIKE 'REGIÓN DEL MAULE'));
	INSERT INTO COMUNA VALUES(SQ_COMUNA.NEXTVAL,'Chanco',(SELECT cod_region FROM REGION WHERE NOMBRE LIKE 'REGIÓN DEL MAULE'));
	INSERT INTO COMUNA VALUES(SQ_COMUNA.NEXTVAL,'Pelluhue',(SELECT cod_region FROM REGION WHERE NOMBRE LIKE 'REGIÓN DEL MAULE'));
	INSERT INTO COMUNA VALUES(SQ_COMUNA.NEXTVAL,'Curicó',(SELECT cod_region FROM REGION WHERE NOMBRE LIKE 'REGIÓN DEL MAULE'));
	INSERT INTO COMUNA VALUES(SQ_COMUNA.NEXTVAL,'Hualañé',(SELECT cod_region FROM REGION WHERE NOMBRE LIKE 'REGIÓN DEL MAULE'));
	INSERT INTO COMUNA VALUES(SQ_COMUNA.NEXTVAL,'Licantén',(SELECT cod_region FROM REGION WHERE NOMBRE LIKE 'REGIÓN DEL MAULE'));
	INSERT INTO COMUNA VALUES(SQ_COMUNA.NEXTVAL,'Molina',(SELECT cod_region FROM REGION WHERE NOMBRE LIKE 'REGIÓN DEL MAULE'));
	INSERT INTO COMUNA VALUES(SQ_COMUNA.NEXTVAL,'Rauco',(SELECT cod_region FROM REGION WHERE NOMBRE LIKE 'REGIÓN DEL MAULE'));
	INSERT INTO COMUNA VALUES(SQ_COMUNA.NEXTVAL,'Romeral',(SELECT cod_region FROM REGION WHERE NOMBRE LIKE 'REGIÓN DEL MAULE'));
	INSERT INTO COMUNA VALUES(SQ_COMUNA.NEXTVAL,'Sagrada Familia',(SELECT cod_region FROM REGION WHERE NOMBRE LIKE 'REGIÓN DEL MAULE'));
	INSERT INTO COMUNA VALUES(SQ_COMUNA.NEXTVAL,'Teno',(SELECT cod_region FROM REGION WHERE NOMBRE LIKE 'REGIÓN DEL MAULE'));
	INSERT INTO COMUNA VALUES(SQ_COMUNA.NEXTVAL,'Vichuquén',(SELECT cod_region FROM REGION WHERE NOMBRE LIKE 'REGIÓN DEL MAULE'));
	INSERT INTO COMUNA VALUES(SQ_COMUNA.NEXTVAL,'Linares',(SELECT cod_region FROM REGION WHERE NOMBRE LIKE 'REGIÓN DEL MAULE'));
	INSERT INTO COMUNA VALUES(SQ_COMUNA.NEXTVAL,'Colbún',(SELECT cod_region FROM REGION WHERE NOMBRE LIKE 'REGIÓN DEL MAULE'));
	INSERT INTO COMUNA VALUES(SQ_COMUNA.NEXTVAL,'Longaví',(SELECT cod_region FROM REGION WHERE NOMBRE LIKE 'REGIÓN DEL MAULE'));
	INSERT INTO COMUNA VALUES(SQ_COMUNA.NEXTVAL,'Parral',(SELECT cod_region FROM REGION WHERE NOMBRE LIKE 'REGIÓN DEL MAULE'));
	INSERT INTO COMUNA VALUES(SQ_COMUNA.NEXTVAL,'Retiro',(SELECT cod_region FROM REGION WHERE NOMBRE LIKE 'REGIÓN DEL MAULE'));
	INSERT INTO COMUNA VALUES(SQ_COMUNA.NEXTVAL,'San Javier',(SELECT cod_region FROM REGION WHERE NOMBRE LIKE 'REGIÓN DEL MAULE'));
	INSERT INTO COMUNA VALUES(SQ_COMUNA.NEXTVAL,'Villa Alegre',(SELECT cod_region FROM REGION WHERE NOMBRE LIKE 'REGIÓN DEL MAULE'));
	INSERT INTO COMUNA VALUES(SQ_COMUNA.NEXTVAL,'Yerbas Buenas',(SELECT cod_region FROM REGION WHERE NOMBRE LIKE 'REGIÓN DEL MAULE'));
	INSERT INTO COMUNA VALUES(SQ_COMUNA.NEXTVAL,'Concepción',(SELECT cod_region FROM REGION WHERE NOMBRE LIKE 'REGIÓN DEL BÍO BÍO'));
	INSERT INTO COMUNA VALUES(SQ_COMUNA.NEXTVAL,'Coronel',(SELECT cod_region FROM REGION WHERE NOMBRE LIKE 'REGIÓN DEL BÍO BÍO'));
	INSERT INTO COMUNA VALUES(SQ_COMUNA.NEXTVAL,'Chiguayante',(SELECT cod_region FROM REGION WHERE NOMBRE LIKE 'REGIÓN DEL BÍO BÍO'));
	INSERT INTO COMUNA VALUES(SQ_COMUNA.NEXTVAL,'Florida',(SELECT cod_region FROM REGION WHERE NOMBRE LIKE 'REGIÓN DEL BÍO BÍO'));
	INSERT INTO COMUNA VALUES(SQ_COMUNA.NEXTVAL,'Hualqui',(SELECT cod_region FROM REGION WHERE NOMBRE LIKE 'REGIÓN DEL BÍO BÍO'));
	INSERT INTO COMUNA VALUES(SQ_COMUNA.NEXTVAL,'Lota',(SELECT cod_region FROM REGION WHERE NOMBRE LIKE 'REGIÓN DEL BÍO BÍO'));
	INSERT INTO COMUNA VALUES(SQ_COMUNA.NEXTVAL,'Penco',(SELECT cod_region FROM REGION WHERE NOMBRE LIKE 'REGIÓN DEL BÍO BÍO'));
	INSERT INTO COMUNA VALUES(SQ_COMUNA.NEXTVAL,'San Pedro de la Paz',(SELECT cod_region FROM REGION WHERE NOMBRE LIKE 'REGIÓN DEL BÍO BÍO'));
	INSERT INTO COMUNA VALUES(SQ_COMUNA.NEXTVAL,'Santa Juana',(SELECT cod_region FROM REGION WHERE NOMBRE LIKE 'REGIÓN DEL BÍO BÍO'));
	INSERT INTO COMUNA VALUES(SQ_COMUNA.NEXTVAL,'Talcahuano',(SELECT cod_region FROM REGION WHERE NOMBRE LIKE 'REGIÓN DEL BÍO BÍO'));
	INSERT INTO COMUNA VALUES(SQ_COMUNA.NEXTVAL,'Tomé',(SELECT cod_region FROM REGION WHERE NOMBRE LIKE 'REGIÓN DEL BÍO BÍO'));
	INSERT INTO COMUNA VALUES(SQ_COMUNA.NEXTVAL,'Hualpén',(SELECT cod_region FROM REGION WHERE NOMBRE LIKE 'REGIÓN DEL BÍO BÍO'));
	INSERT INTO COMUNA VALUES(SQ_COMUNA.NEXTVAL,'Lebu',(SELECT cod_region FROM REGION WHERE NOMBRE LIKE 'REGIÓN DEL BÍO BÍO'));
	INSERT INTO COMUNA VALUES(SQ_COMUNA.NEXTVAL,'Arauco',(SELECT cod_region FROM REGION WHERE NOMBRE LIKE 'REGIÓN DEL BÍO BÍO'));
	INSERT INTO COMUNA VALUES(SQ_COMUNA.NEXTVAL,'Cañete',(SELECT cod_region FROM REGION WHERE NOMBRE LIKE 'REGIÓN DEL BÍO BÍO'));
	INSERT INTO COMUNA VALUES(SQ_COMUNA.NEXTVAL,'Contulmo',(SELECT cod_region FROM REGION WHERE NOMBRE LIKE 'REGIÓN DEL BÍO BÍO'));
	INSERT INTO COMUNA VALUES(SQ_COMUNA.NEXTVAL,'Curanilahue',(SELECT cod_region FROM REGION WHERE NOMBRE LIKE 'REGIÓN DEL BÍO BÍO'));
	INSERT INTO COMUNA VALUES(SQ_COMUNA.NEXTVAL,'Los Alamos',(SELECT cod_region FROM REGION WHERE NOMBRE LIKE 'REGIÓN DEL BÍO BÍO'));
	INSERT INTO COMUNA VALUES(SQ_COMUNA.NEXTVAL,'Tirúa',(SELECT cod_region FROM REGION WHERE NOMBRE LIKE 'REGIÓN DEL BÍO BÍO'));
	INSERT INTO COMUNA VALUES(SQ_COMUNA.NEXTVAL,'Los Angeles',(SELECT cod_region FROM REGION WHERE NOMBRE LIKE 'REGIÓN DEL BÍO BÍO'));
	INSERT INTO COMUNA VALUES(SQ_COMUNA.NEXTVAL,'Antuco',(SELECT cod_region FROM REGION WHERE NOMBRE LIKE 'REGIÓN DEL BÍO BÍO'));
	INSERT INTO COMUNA VALUES(SQ_COMUNA.NEXTVAL,'Cabrero',(SELECT cod_region FROM REGION WHERE NOMBRE LIKE 'REGIÓN DEL BÍO BÍO'));
	INSERT INTO COMUNA VALUES(SQ_COMUNA.NEXTVAL,'Laja',(SELECT cod_region FROM REGION WHERE NOMBRE LIKE 'REGIÓN DEL BÍO BÍO'));
	INSERT INTO COMUNA VALUES(SQ_COMUNA.NEXTVAL,'Mulchén',(SELECT cod_region FROM REGION WHERE NOMBRE LIKE 'REGIÓN DEL BÍO BÍO'));
	INSERT INTO COMUNA VALUES(SQ_COMUNA.NEXTVAL,'Nacimiento',(SELECT cod_region FROM REGION WHERE NOMBRE LIKE 'REGIÓN DEL BÍO BÍO'));
	INSERT INTO COMUNA VALUES(SQ_COMUNA.NEXTVAL,'Negrete',(SELECT cod_region FROM REGION WHERE NOMBRE LIKE 'REGIÓN DEL BÍO BÍO'));
	INSERT INTO COMUNA VALUES(SQ_COMUNA.NEXTVAL,'Quilaco',(SELECT cod_region FROM REGION WHERE NOMBRE LIKE 'REGIÓN DEL BÍO BÍO'));
	INSERT INTO COMUNA VALUES(SQ_COMUNA.NEXTVAL,'Quilleco',(SELECT cod_region FROM REGION WHERE NOMBRE LIKE 'REGIÓN DEL BÍO BÍO'));
	INSERT INTO COMUNA VALUES(SQ_COMUNA.NEXTVAL,'San Rosendo',(SELECT cod_region FROM REGION WHERE NOMBRE LIKE 'REGIÓN DEL BÍO BÍO'));
	INSERT INTO COMUNA VALUES(SQ_COMUNA.NEXTVAL,'Santa Bárbara',(SELECT cod_region FROM REGION WHERE NOMBRE LIKE 'REGIÓN DEL BÍO BÍO'));
	INSERT INTO COMUNA VALUES(SQ_COMUNA.NEXTVAL,'Tucapel',(SELECT cod_region FROM REGION WHERE NOMBRE LIKE 'REGIÓN DEL BÍO BÍO'));
	INSERT INTO COMUNA VALUES(SQ_COMUNA.NEXTVAL,'Yumbel',(SELECT cod_region FROM REGION WHERE NOMBRE LIKE 'REGIÓN DEL BÍO BÍO'));
	INSERT INTO COMUNA VALUES(SQ_COMUNA.NEXTVAL,'Alto Biobío',(SELECT cod_region FROM REGION WHERE NOMBRE LIKE 'REGIÓN DEL BÍO BÍO'));
	INSERT INTO COMUNA VALUES(SQ_COMUNA.NEXTVAL,'Chillán',(SELECT cod_region FROM REGION WHERE NOMBRE LIKE 'REGIÓN DEL BÍO BÍO'));
	INSERT INTO COMUNA VALUES(SQ_COMUNA.NEXTVAL,'Bulnes',(SELECT cod_region FROM REGION WHERE NOMBRE LIKE 'REGIÓN DEL BÍO BÍO'));
	INSERT INTO COMUNA VALUES(SQ_COMUNA.NEXTVAL,'Cobquecura',(SELECT cod_region FROM REGION WHERE NOMBRE LIKE 'REGIÓN DEL BÍO BÍO'));
	INSERT INTO COMUNA VALUES(SQ_COMUNA.NEXTVAL,'Coelemu',(SELECT cod_region FROM REGION WHERE NOMBRE LIKE 'REGIÓN DEL BÍO BÍO'));
	INSERT INTO COMUNA VALUES(SQ_COMUNA.NEXTVAL,'Coihueco',(SELECT cod_region FROM REGION WHERE NOMBRE LIKE 'REGIÓN DEL BÍO BÍO'));
	INSERT INTO COMUNA VALUES(SQ_COMUNA.NEXTVAL,'Chillán Viejo',(SELECT cod_region FROM REGION WHERE NOMBRE LIKE 'REGIÓN DEL BÍO BÍO'));
	INSERT INTO COMUNA VALUES(SQ_COMUNA.NEXTVAL,'El Carmen',(SELECT cod_region FROM REGION WHERE NOMBRE LIKE 'REGIÓN DEL BÍO BÍO'));
	INSERT INTO COMUNA VALUES(SQ_COMUNA.NEXTVAL,'Ninhue',(SELECT cod_region FROM REGION WHERE NOMBRE LIKE 'REGIÓN DEL BÍO BÍO'));
	INSERT INTO COMUNA VALUES(SQ_COMUNA.NEXTVAL,'Ñiquén',(SELECT cod_region FROM REGION WHERE NOMBRE LIKE 'REGIÓN DEL BÍO BÍO'));
	INSERT INTO COMUNA VALUES(SQ_COMUNA.NEXTVAL,'Pemuco',(SELECT cod_region FROM REGION WHERE NOMBRE LIKE 'REGIÓN DEL BÍO BÍO'));
	INSERT INTO COMUNA VALUES(SQ_COMUNA.NEXTVAL,'Pinto',(SELECT cod_region FROM REGION WHERE NOMBRE LIKE 'REGIÓN DEL BÍO BÍO'));
	INSERT INTO COMUNA VALUES(SQ_COMUNA.NEXTVAL,'Portezuelo',(SELECT cod_region FROM REGION WHERE NOMBRE LIKE 'REGIÓN DEL BÍO BÍO'));
	INSERT INTO COMUNA VALUES(SQ_COMUNA.NEXTVAL,'Quillón',(SELECT cod_region FROM REGION WHERE NOMBRE LIKE 'REGIÓN DEL BÍO BÍO'));
	INSERT INTO COMUNA VALUES(SQ_COMUNA.NEXTVAL,'Quirihue',(SELECT cod_region FROM REGION WHERE NOMBRE LIKE 'REGIÓN DEL BÍO BÍO'));
	INSERT INTO COMUNA VALUES(SQ_COMUNA.NEXTVAL,'Ránquil',(SELECT cod_region FROM REGION WHERE NOMBRE LIKE 'REGIÓN DEL BÍO BÍO'));
	INSERT INTO COMUNA VALUES(SQ_COMUNA.NEXTVAL,'San Carlos',(SELECT cod_region FROM REGION WHERE NOMBRE LIKE 'REGIÓN DEL BÍO BÍO'));
	INSERT INTO COMUNA VALUES(SQ_COMUNA.NEXTVAL,'San Fabián',(SELECT cod_region FROM REGION WHERE NOMBRE LIKE 'REGIÓN DEL BÍO BÍO'));
	INSERT INTO COMUNA VALUES(SQ_COMUNA.NEXTVAL,'San Ignacio',(SELECT cod_region FROM REGION WHERE NOMBRE LIKE 'REGIÓN DEL BÍO BÍO'));
	INSERT INTO COMUNA VALUES(SQ_COMUNA.NEXTVAL,'San Nicolás',(SELECT cod_region FROM REGION WHERE NOMBRE LIKE 'REGIÓN DEL BÍO BÍO'));
	INSERT INTO COMUNA VALUES(SQ_COMUNA.NEXTVAL,'Treguaco',(SELECT cod_region FROM REGION WHERE NOMBRE LIKE 'REGIÓN DEL BÍO BÍO'));
	INSERT INTO COMUNA VALUES(SQ_COMUNA.NEXTVAL,'Yungay',(SELECT cod_region FROM REGION WHERE NOMBRE LIKE 'REGIÓN DEL BÍO BÍO'));
	INSERT INTO COMUNA VALUES(SQ_COMUNA.NEXTVAL,'Temuco',(SELECT cod_region FROM REGION WHERE NOMBRE LIKE 'REGIÓN DE LA ARAUCANÍA'));
	INSERT INTO COMUNA VALUES(SQ_COMUNA.NEXTVAL,'Carahue',(SELECT cod_region FROM REGION WHERE NOMBRE LIKE 'REGIÓN DE LA ARAUCANÍA'));
	INSERT INTO COMUNA VALUES(SQ_COMUNA.NEXTVAL,'Cunco',(SELECT cod_region FROM REGION WHERE NOMBRE LIKE 'REGIÓN DE LA ARAUCANÍA'));
	INSERT INTO COMUNA VALUES(SQ_COMUNA.NEXTVAL,'Curarrehue',(SELECT cod_region FROM REGION WHERE NOMBRE LIKE 'REGIÓN DE LA ARAUCANÍA'));
	INSERT INTO COMUNA VALUES(SQ_COMUNA.NEXTVAL,'Freire',(SELECT cod_region FROM REGION WHERE NOMBRE LIKE 'REGIÓN DE LA ARAUCANÍA'));
	INSERT INTO COMUNA VALUES(SQ_COMUNA.NEXTVAL,'Galvarino',(SELECT cod_region FROM REGION WHERE NOMBRE LIKE 'REGIÓN DE LA ARAUCANÍA'));
	INSERT INTO COMUNA VALUES(SQ_COMUNA.NEXTVAL,'Gorbea',(SELECT cod_region FROM REGION WHERE NOMBRE LIKE 'REGIÓN DE LA ARAUCANÍA'));
	INSERT INTO COMUNA VALUES(SQ_COMUNA.NEXTVAL,'Lautaro',(SELECT cod_region FROM REGION WHERE NOMBRE LIKE 'REGIÓN DE LA ARAUCANÍA'));
	INSERT INTO COMUNA VALUES(SQ_COMUNA.NEXTVAL,'Loncoche',(SELECT cod_region FROM REGION WHERE NOMBRE LIKE 'REGIÓN DE LA ARAUCANÍA'));
	INSERT INTO COMUNA VALUES(SQ_COMUNA.NEXTVAL,'Melipeuco',(SELECT cod_region FROM REGION WHERE NOMBRE LIKE 'REGIÓN DE LA ARAUCANÍA'));
	INSERT INTO COMUNA VALUES(SQ_COMUNA.NEXTVAL,'Nueva Imperial',(SELECT cod_region FROM REGION WHERE NOMBRE LIKE 'REGIÓN DE LA ARAUCANÍA'));
	INSERT INTO COMUNA VALUES(SQ_COMUNA.NEXTVAL,'Padre Las Casas',(SELECT cod_region FROM REGION WHERE NOMBRE LIKE 'REGIÓN DE LA ARAUCANÍA'));
	INSERT INTO COMUNA VALUES(SQ_COMUNA.NEXTVAL,'Perquenco',(SELECT cod_region FROM REGION WHERE NOMBRE LIKE 'REGIÓN DE LA ARAUCANÍA'));
	INSERT INTO COMUNA VALUES(SQ_COMUNA.NEXTVAL,'Pitrufquén',(SELECT cod_region FROM REGION WHERE NOMBRE LIKE 'REGIÓN DE LA ARAUCANÍA'));
	INSERT INTO COMUNA VALUES(SQ_COMUNA.NEXTVAL,'Pucón',(SELECT cod_region FROM REGION WHERE NOMBRE LIKE 'REGIÓN DE LA ARAUCANÍA'));
	INSERT INTO COMUNA VALUES(SQ_COMUNA.NEXTVAL,'Saavedra',(SELECT cod_region FROM REGION WHERE NOMBRE LIKE 'REGIÓN DE LA ARAUCANÍA'));
	INSERT INTO COMUNA VALUES(SQ_COMUNA.NEXTVAL,'Teodoro Schmidt',(SELECT cod_region FROM REGION WHERE NOMBRE LIKE 'REGIÓN DE LA ARAUCANÍA'));
	INSERT INTO COMUNA VALUES(SQ_COMUNA.NEXTVAL,'Toltén',(SELECT cod_region FROM REGION WHERE NOMBRE LIKE 'REGIÓN DE LA ARAUCANÍA'));
	INSERT INTO COMUNA VALUES(SQ_COMUNA.NEXTVAL,'Vilcún',(SELECT cod_region FROM REGION WHERE NOMBRE LIKE 'REGIÓN DE LA ARAUCANÍA'));
	INSERT INTO COMUNA VALUES(SQ_COMUNA.NEXTVAL,'Villarrica',(SELECT cod_region FROM REGION WHERE NOMBRE LIKE 'REGIÓN DE LA ARAUCANÍA'));
	INSERT INTO COMUNA VALUES(SQ_COMUNA.NEXTVAL,'Cholchol',(SELECT cod_region FROM REGION WHERE NOMBRE LIKE 'REGIÓN DE LA ARAUCANÍA'));
	INSERT INTO COMUNA VALUES(SQ_COMUNA.NEXTVAL,'Angol',(SELECT cod_region FROM REGION WHERE NOMBRE LIKE 'REGIÓN DE LA ARAUCANÍA'));
	INSERT INTO COMUNA VALUES(SQ_COMUNA.NEXTVAL,'Collipulli',(SELECT cod_region FROM REGION WHERE NOMBRE LIKE 'REGIÓN DE LA ARAUCANÍA'));
	INSERT INTO COMUNA VALUES(SQ_COMUNA.NEXTVAL,'Curacautín',(SELECT cod_region FROM REGION WHERE NOMBRE LIKE 'REGIÓN DE LA ARAUCANÍA'));
	INSERT INTO COMUNA VALUES(SQ_COMUNA.NEXTVAL,'Ercilla',(SELECT cod_region FROM REGION WHERE NOMBRE LIKE 'REGIÓN DE LA ARAUCANÍA'));
	INSERT INTO COMUNA VALUES(SQ_COMUNA.NEXTVAL,'Lonquimay',(SELECT cod_region FROM REGION WHERE NOMBRE LIKE 'REGIÓN DE LA ARAUCANÍA'));
	INSERT INTO COMUNA VALUES(SQ_COMUNA.NEXTVAL,'Los Sauces',(SELECT cod_region FROM REGION WHERE NOMBRE LIKE 'REGIÓN DE LA ARAUCANÍA'));
	INSERT INTO COMUNA VALUES(SQ_COMUNA.NEXTVAL,'Lumaco',(SELECT cod_region FROM REGION WHERE NOMBRE LIKE 'REGIÓN DE LA ARAUCANÍA'));
	INSERT INTO COMUNA VALUES(SQ_COMUNA.NEXTVAL,'Purén',(SELECT cod_region FROM REGION WHERE NOMBRE LIKE 'REGIÓN DE LA ARAUCANÍA'));
	INSERT INTO COMUNA VALUES(SQ_COMUNA.NEXTVAL,'Renaico',(SELECT cod_region FROM REGION WHERE NOMBRE LIKE 'REGIÓN DE LA ARAUCANÍA'));
	INSERT INTO COMUNA VALUES(SQ_COMUNA.NEXTVAL,'Traiguén',(SELECT cod_region FROM REGION WHERE NOMBRE LIKE 'REGIÓN DE LA ARAUCANÍA'));
	INSERT INTO COMUNA VALUES(SQ_COMUNA.NEXTVAL,'Victoria',(SELECT cod_region FROM REGION WHERE NOMBRE LIKE 'REGIÓN DE LA ARAUCANÍA'));
	INSERT INTO COMUNA VALUES(SQ_COMUNA.NEXTVAL,'Valdivia',(SELECT cod_region FROM REGION WHERE NOMBRE LIKE 'REGIÓN DE LOS RIOS'));
	INSERT INTO COMUNA VALUES(SQ_COMUNA.NEXTVAL,'Corral',(SELECT cod_region FROM REGION WHERE NOMBRE LIKE 'REGIÓN DE LOS RIOS'));
	INSERT INTO COMUNA VALUES(SQ_COMUNA.NEXTVAL,'Lanco',(SELECT cod_region FROM REGION WHERE NOMBRE LIKE 'REGIÓN DE LOS RIOS'));
	INSERT INTO COMUNA VALUES(SQ_COMUNA.NEXTVAL,'Los Lagos',(SELECT cod_region FROM REGION WHERE NOMBRE LIKE 'REGIÓN DE LOS RIOS'));
	INSERT INTO COMUNA VALUES(SQ_COMUNA.NEXTVAL,'Máfil',(SELECT cod_region FROM REGION WHERE NOMBRE LIKE 'REGIÓN DE LOS RIOS'));
	INSERT INTO COMUNA VALUES(SQ_COMUNA.NEXTVAL,'Mariquina',(SELECT cod_region FROM REGION WHERE NOMBRE LIKE 'REGIÓN DE LOS RIOS'));
	INSERT INTO COMUNA VALUES(SQ_COMUNA.NEXTVAL,'Paillaco',(SELECT cod_region FROM REGION WHERE NOMBRE LIKE 'REGIÓN DE LOS RIOS'));
	INSERT INTO COMUNA VALUES(SQ_COMUNA.NEXTVAL,'Panguipulli',(SELECT cod_region FROM REGION WHERE NOMBRE LIKE 'REGIÓN DE LOS RIOS'));
	INSERT INTO COMUNA VALUES(SQ_COMUNA.NEXTVAL,'La Unión',(SELECT cod_region FROM REGION WHERE NOMBRE LIKE 'REGIÓN DE LOS RIOS'));
	INSERT INTO COMUNA VALUES(SQ_COMUNA.NEXTVAL,'Futrono',(SELECT cod_region FROM REGION WHERE NOMBRE LIKE 'REGIÓN DE LOS RIOS'));
	INSERT INTO COMUNA VALUES(SQ_COMUNA.NEXTVAL,'Lago Ranco',(SELECT cod_region FROM REGION WHERE NOMBRE LIKE 'REGIÓN DE LOS RIOS'));
	INSERT INTO COMUNA VALUES(SQ_COMUNA.NEXTVAL,'Río Bueno',(SELECT cod_region FROM REGION WHERE NOMBRE LIKE 'REGIÓN DE LOS RIOS'));
	INSERT INTO COMUNA VALUES(SQ_COMUNA.NEXTVAL,'Puerto Montt',(SELECT cod_region FROM REGION WHERE NOMBRE LIKE 'REGIÓN DE LOS LAGOS'));
	INSERT INTO COMUNA VALUES(SQ_COMUNA.NEXTVAL,'Calbuco',(SELECT cod_region FROM REGION WHERE NOMBRE LIKE 'REGIÓN DE LOS LAGOS'));
	INSERT INTO COMUNA VALUES(SQ_COMUNA.NEXTVAL,'Cochamó',(SELECT cod_region FROM REGION WHERE NOMBRE LIKE 'REGIÓN DE LOS LAGOS'));
	INSERT INTO COMUNA VALUES(SQ_COMUNA.NEXTVAL,'Fresia',(SELECT cod_region FROM REGION WHERE NOMBRE LIKE 'REGIÓN DE LOS LAGOS'));
	INSERT INTO COMUNA VALUES(SQ_COMUNA.NEXTVAL,'Frutillar',(SELECT cod_region FROM REGION WHERE NOMBRE LIKE 'REGIÓN DE LOS LAGOS'));
	INSERT INTO COMUNA VALUES(SQ_COMUNA.NEXTVAL,'Los Muermos',(SELECT cod_region FROM REGION WHERE NOMBRE LIKE 'REGIÓN DE LOS LAGOS'));
	INSERT INTO COMUNA VALUES(SQ_COMUNA.NEXTVAL,'Llanquihue',(SELECT cod_region FROM REGION WHERE NOMBRE LIKE 'REGIÓN DE LOS LAGOS'));
	INSERT INTO COMUNA VALUES(SQ_COMUNA.NEXTVAL,'Maullín',(SELECT cod_region FROM REGION WHERE NOMBRE LIKE 'REGIÓN DE LOS LAGOS'));
	INSERT INTO COMUNA VALUES(SQ_COMUNA.NEXTVAL,'Puerto Varas',(SELECT cod_region FROM REGION WHERE NOMBRE LIKE 'REGIÓN DE LOS LAGOS'));
	INSERT INTO COMUNA VALUES(SQ_COMUNA.NEXTVAL,'Castro',(SELECT cod_region FROM REGION WHERE NOMBRE LIKE 'REGIÓN DE LOS LAGOS'));
	INSERT INTO COMUNA VALUES(SQ_COMUNA.NEXTVAL,'Ancud',(SELECT cod_region FROM REGION WHERE NOMBRE LIKE 'REGIÓN DE LOS LAGOS'));
	INSERT INTO COMUNA VALUES(SQ_COMUNA.NEXTVAL,'Chonchi',(SELECT cod_region FROM REGION WHERE NOMBRE LIKE 'REGIÓN DE LOS LAGOS'));
	INSERT INTO COMUNA VALUES(SQ_COMUNA.NEXTVAL,'Curaco de Vélez',(SELECT cod_region FROM REGION WHERE NOMBRE LIKE 'REGIÓN DE LOS LAGOS'));
	INSERT INTO COMUNA VALUES(SQ_COMUNA.NEXTVAL,'Dalcahue',(SELECT cod_region FROM REGION WHERE NOMBRE LIKE 'REGIÓN DE LOS LAGOS'));
	INSERT INTO COMUNA VALUES(SQ_COMUNA.NEXTVAL,'Puqueldón',(SELECT cod_region FROM REGION WHERE NOMBRE LIKE 'REGIÓN DE LOS LAGOS'));
	INSERT INTO COMUNA VALUES(SQ_COMUNA.NEXTVAL,'Queilén',(SELECT cod_region FROM REGION WHERE NOMBRE LIKE 'REGIÓN DE LOS LAGOS'));
	INSERT INTO COMUNA VALUES(SQ_COMUNA.NEXTVAL,'Quellón',(SELECT cod_region FROM REGION WHERE NOMBRE LIKE 'REGIÓN DE LOS LAGOS'));
	INSERT INTO COMUNA VALUES(SQ_COMUNA.NEXTVAL,'Quemchi',(SELECT cod_region FROM REGION WHERE NOMBRE LIKE 'REGIÓN DE LOS LAGOS'));
	INSERT INTO COMUNA VALUES(SQ_COMUNA.NEXTVAL,'Quinchao',(SELECT cod_region FROM REGION WHERE NOMBRE LIKE 'REGIÓN DE LOS LAGOS'));
	INSERT INTO COMUNA VALUES(SQ_COMUNA.NEXTVAL,'Osorno',(SELECT cod_region FROM REGION WHERE NOMBRE LIKE 'REGIÓN DE LOS LAGOS'));
	INSERT INTO COMUNA VALUES(SQ_COMUNA.NEXTVAL,'Puerto Octay',(SELECT cod_region FROM REGION WHERE NOMBRE LIKE 'REGIÓN DE LOS LAGOS'));
	INSERT INTO COMUNA VALUES(SQ_COMUNA.NEXTVAL,'Purranque',(SELECT cod_region FROM REGION WHERE NOMBRE LIKE 'REGIÓN DE LOS LAGOS'));
	INSERT INTO COMUNA VALUES(SQ_COMUNA.NEXTVAL,'Puyehue',(SELECT cod_region FROM REGION WHERE NOMBRE LIKE 'REGIÓN DE LOS LAGOS'));
	INSERT INTO COMUNA VALUES(SQ_COMUNA.NEXTVAL,'Río Negro',(SELECT cod_region FROM REGION WHERE NOMBRE LIKE 'REGIÓN DE LOS LAGOS'));
	INSERT INTO COMUNA VALUES(SQ_COMUNA.NEXTVAL,'San Juan de la Costa',(SELECT cod_region FROM REGION WHERE NOMBRE LIKE 'REGIÓN DE LOS LAGOS'));
	INSERT INTO COMUNA VALUES(SQ_COMUNA.NEXTVAL,'San Pablo',(SELECT cod_region FROM REGION WHERE NOMBRE LIKE 'REGIÓN DE LOS LAGOS'));
	INSERT INTO COMUNA VALUES(SQ_COMUNA.NEXTVAL,'Chaitén',(SELECT cod_region FROM REGION WHERE NOMBRE LIKE 'REGIÓN DE LOS LAGOS'));
	INSERT INTO COMUNA VALUES(SQ_COMUNA.NEXTVAL,'Futaleufú',(SELECT cod_region FROM REGION WHERE NOMBRE LIKE 'REGIÓN DE LOS LAGOS'));
	INSERT INTO COMUNA VALUES(SQ_COMUNA.NEXTVAL,'Hualaihué',(SELECT cod_region FROM REGION WHERE NOMBRE LIKE 'REGIÓN DE LOS LAGOS'));
	INSERT INTO COMUNA VALUES(SQ_COMUNA.NEXTVAL,'Palena',(SELECT cod_region FROM REGION WHERE NOMBRE LIKE 'REGIÓN DE LOS LAGOS'));
	INSERT INTO COMUNA VALUES(SQ_COMUNA.NEXTVAL,'Coyhaique',(SELECT cod_region FROM REGION WHERE NOMBRE LIKE 'REGIÓN DE AISÉN DEL GENERAL CARLOS IBAÑEZ DEL CAMPO'));
	INSERT INTO COMUNA VALUES(SQ_COMUNA.NEXTVAL,'Lago Verde',(SELECT cod_region FROM REGION WHERE NOMBRE LIKE 'REGIÓN DE AISÉN DEL GENERAL CARLOS IBAÑEZ DEL CAMPO'));
	INSERT INTO COMUNA VALUES(SQ_COMUNA.NEXTVAL,'Aisén',(SELECT cod_region FROM REGION WHERE NOMBRE LIKE 'REGIÓN DE AISÉN DEL GENERAL CARLOS IBAÑEZ DEL CAMPO'));
	INSERT INTO COMUNA VALUES(SQ_COMUNA.NEXTVAL,'Cisnes',(SELECT cod_region FROM REGION WHERE NOMBRE LIKE 'REGIÓN DE AISÉN DEL GENERAL CARLOS IBAÑEZ DEL CAMPO'));
	INSERT INTO COMUNA VALUES(SQ_COMUNA.NEXTVAL,'Guaitecas',(SELECT cod_region FROM REGION WHERE NOMBRE LIKE 'REGIÓN DE AISÉN DEL GENERAL CARLOS IBAÑEZ DEL CAMPO'));
	INSERT INTO COMUNA VALUES(SQ_COMUNA.NEXTVAL,'Cochrane',(SELECT cod_region FROM REGION WHERE NOMBRE LIKE 'REGIÓN DE AISÉN DEL GENERAL CARLOS IBAÑEZ DEL CAMPO'));
	INSERT INTO COMUNA VALUES(SQ_COMUNA.NEXTVAL,'OHiggins',(SELECT cod_region FROM REGION WHERE NOMBRE LIKE 'REGIÓN DE AISÉN DEL GENERAL CARLOS IBAÑEZ DEL CAMPO'));
	INSERT INTO COMUNA VALUES(SQ_COMUNA.NEXTVAL,'Tortel',(SELECT cod_region FROM REGION WHERE NOMBRE LIKE 'REGIÓN DE AISÉN DEL GENERAL CARLOS IBAÑEZ DEL CAMPO'));
	INSERT INTO COMUNA VALUES(SQ_COMUNA.NEXTVAL,'Chile Chico',(SELECT cod_region FROM REGION WHERE NOMBRE LIKE 'REGIÓN DE AISÉN DEL GENERAL CARLOS IBAÑEZ DEL CAMPO'));
	INSERT INTO COMUNA VALUES(SQ_COMUNA.NEXTVAL,'Río Ibáñez',(SELECT cod_region FROM REGION WHERE NOMBRE LIKE 'REGIÓN DE AISÉN DEL GENERAL CARLOS IBAÑEZ DEL CAMPO'));
	INSERT INTO COMUNA VALUES(SQ_COMUNA.NEXTVAL,'Punta Arenas',(SELECT cod_region FROM REGION WHERE NOMBRE LIKE 'REGIÓN DE MAGALLANES Y DE LA ANTARTICA CHILENA'));
	INSERT INTO COMUNA VALUES(SQ_COMUNA.NEXTVAL,'Laguna Blanca',(SELECT cod_region FROM REGION WHERE NOMBRE LIKE 'REGIÓN DE MAGALLANES Y DE LA ANTARTICA CHILENA'));
	INSERT INTO COMUNA VALUES(SQ_COMUNA.NEXTVAL,'Río Verde',(SELECT cod_region FROM REGION WHERE NOMBRE LIKE 'REGIÓN DE MAGALLANES Y DE LA ANTARTICA CHILENA'));
	INSERT INTO COMUNA VALUES(SQ_COMUNA.NEXTVAL,'San Gregorio',(SELECT cod_region FROM REGION WHERE NOMBRE LIKE 'REGIÓN DE MAGALLANES Y DE LA ANTARTICA CHILENA'));
	INSERT INTO COMUNA VALUES(SQ_COMUNA.NEXTVAL,'Cabo de Hornos',(SELECT cod_region FROM REGION WHERE NOMBRE LIKE 'REGIÓN DE MAGALLANES Y DE LA ANTARTICA CHILENA'));
	INSERT INTO COMUNA VALUES(SQ_COMUNA.NEXTVAL,'Antártica',(SELECT cod_region FROM REGION WHERE NOMBRE LIKE 'REGIÓN DE MAGALLANES Y DE LA ANTARTICA CHILENA'));
	INSERT INTO COMUNA VALUES(SQ_COMUNA.NEXTVAL,'Porvenir',(SELECT cod_region FROM REGION WHERE NOMBRE LIKE 'REGIÓN DE MAGALLANES Y DE LA ANTARTICA CHILENA'));
	INSERT INTO COMUNA VALUES(SQ_COMUNA.NEXTVAL,'Primavera',(SELECT cod_region FROM REGION WHERE NOMBRE LIKE 'REGIÓN DE MAGALLANES Y DE LA ANTARTICA CHILENA'));
	INSERT INTO COMUNA VALUES(SQ_COMUNA.NEXTVAL,'Timaukel',(SELECT cod_region FROM REGION WHERE NOMBRE LIKE 'REGIÓN DE MAGALLANES Y DE LA ANTARTICA CHILENA'));
	INSERT INTO COMUNA VALUES(SQ_COMUNA.NEXTVAL,'Natales',(SELECT cod_region FROM REGION WHERE NOMBRE LIKE 'REGIÓN DE MAGALLANES Y DE LA ANTARTICA CHILENA'));
	INSERT INTO COMUNA VALUES(SQ_COMUNA.NEXTVAL,'Torres del Paine',(SELECT cod_region FROM REGION WHERE NOMBRE LIKE 'REGIÓN DE MAGALLANES Y DE LA ANTARTICA CHILENA'));

	insert into descuentos values(12.5, 'Jarabe');
	insert into descuentos values(7.5, 'Pomada');
	insert into descuentos values(20, 'Comprimidos');
	
	insert into medicamento values (300,'Catosal',4000,'Jarabe','Laboratorio Chile');
	insert into medicamento values (301,'Mentholatum',3000,'Pomada','Bayer');
	insert into medicamento values (302,'Levitrax',24950,'Comprimidos','Bayer');
	insert into medicamento values (303,'Remitox',7000,'Jarabe','Bayer');
	insert into medicamento values (304,'Avelox',18750,'Comprimidos','Bayer');
	insert into medicamento values (306,'Sinal',6500,'Comprimidos','Laboratorio Chile');
	
	insert into medicament_resp values (300,'Catosal',4100,'Jarabe','Laboratorio Chile');
	insert into medicament_resp values (301,'Mentholatum',3080,'Pomada','Bayer');
	insert into medicament_resp values (302,'Levitrax',24950,'Comprimidos','Bayer');
	insert into medicament_resp values (303,'Remitox',7140,'Jarabe','Bayer');
	insert into medicament_resp values (304,'Avelox',18750,'Comprimidos','Bayer');
	insert into medicament_resp values (306,'Sinal',6900,'Comprimidos','Laboratorio Chile');
	insert into medicament_resp values (305,'Paracetamol',990,'Comprimidos','Laboratorio Chile');
	insert into medicament_resp values (307,'Acido Acetilsalicilico',1500,'Comprimidos', 'Laval');
	insert into medicament_resp values (308,'Bioxantil', 15990, 'Comprimidos', 'NutraFarm');
	insert into medicament_resp values (309, 'Hereda Helix',2980, 'Jarabe', 'Andromaco');
	
	insert into laboratorio values (101,'EconoFarm S.A','Av Marathon 698','032-2111204');
	insert into sucursal values (50,'Frutillar','Av.Arturo Prat 300',(SELECT COD_COMUNA FROM COMUNA WHERE UPPER(NOMBRE) LIKE 'FRUTILLAR'),101);
	insert into sucursal values (51,'Norte','Serrano 760',(SELECT COD_COMUNA FROM COMUNA WHERE UPPER(NOMBRE) LIKE 'OLLAG%'),101);
	insert into sucursal values (52,'Villa Alemana','Sargento Aldea 650',(SELECT COD_COMUNA FROM COMUNA WHERE UPPER(NOMBRE) LIKE 'PLACILLA'),101);
	insert into sucursal values (54,'Quilpué','Av.Veracruz 500',(SELECT COD_COMUNA FROM COMUNA WHERE UPPER(NOMBRE) LIKE 'PORVENIR'),101);
	insert into sucursal values (55,'Providencia','Av.Condell 570 ',(SELECT COD_COMUNA FROM COMUNA WHERE UPPER(NOMBRE) LIKE 'PROVIDENCIA'),101);
	insert into empleado values ('A100','Rodrigo', 'Alvarez','Manuel Montt 306',to_date('03/10/1965','dd/mm/yyyy'),(sysdate - 76),285000,'M',52);
	insert into empleado values ('A290','Ernesto', 'Barrera','Martin Rivas 7654',to_date('19/12/1970','dd/mm/yyyy'),(sysdate - 65),2800000,'M',52);
	insert into empleado values ('A350','Manuel', 'Berríos','Pedro Barrios 988',to_date('3/07/1980','dd/mm/yyyy'),(sysdate - 665),380000,'M',51);
	insert into empleado values ('C210','Josefa', 'Bustamante','Antonio Varas 873',to_date('20/07/1978','dd/mm/yyyy'),(sysdate - 1765),450000,'F',51);
	insert into empleado values ('M560','Miguel', 'Chávez','Alameda 5601',to_date('04/09/1985','dd/mm/yyyy'),(sysdate - 1765),350000,'M',51);
	insert into empleado values ('A400','Víctor', 'Mendoza','Vicuña Mackenna 4500',to_date('03/10/1965','dd/mm/yyyy'),(sysdate - 4765),420000,'M',52);
	insert into empleado values ('M640','Paula', 'Meza','Principe de Gales 1760',to_date('19/12/1970','dd/mm/yyyy'),(sysdate - 965),310000,'F',52);
	insert into empleado values ('M620','Iván', 'Millán','Manutara 564',to_date('03/07/1980','dd/mm/yyyy'),(sysdate - 45),285000,'M',54);
	insert into empleado values ('C400','Pedro', 'Muga','Arturo Prat 6788',to_date('20/07/1978','dd/mm/yyyy'),(sysdate - 2765),490000,'M',50);
	insert into empleado values ('B600','Cristián', 'Muñoz','Francisco Bilbao 9877',to_date('04/09/1985','dd/mm/yyyy'),(sysdate - 985),380000,'M',50);
	insert into empleado values ('R400','Loreto', 'Valenzuela','Guillermo Mann 955',to_date('03/08/1978','dd/mm/yyyy'),(sysdate - 4565),450000,'F',52);
	insert into empleado values ('R600','Guadalupe', 'Vidal','Monseñor Mann 7866',to_date('07/07/1972','dd/mm/yyyy'),(sysdate - 65),290000,'F',51);
	insert into ventas values (500,to_date('01-04-2018','dd-mm-yyyy'),1247500,'Efectivo','A350');
	insert into ventas values (501,to_date('05-03-2018','dd-mm-yyyy'),210000,'Cheque','M560');
	insert into ventas values (503,to_date('20-10-2018','dd-mm-yyyy'),750000,'Efectivo','A100');
	insert into ventas values (504,to_date('30-03-2018','dd-mm-yyyy'),812000,'Efectivo','C210');
	insert into ventas values (505,to_date('01-10-2019','dd-mm-yyyy'),3000000,'Cheque','M560');
	insert into ventas values (506,to_date('04-01-2019','dd-mm-yyyy'),280000,'Efectivo','A350');
	insert into ventas values (507,to_date('08-08-2019','dd-mm-yyyy'),2000000,'Efectivo','A100');
	insert into ventas values (508,to_date('01-10-2019','dd-mm-yyyy'),5640000,'Cheque','R400');
	insert into ventas values (509,to_date('04-05-2020','dd-mm-yyyy'),2800000,'Efectivo','R400');
	insert into ventas values (510,to_date('04-05-2020','dd-mm-yyyy'),28000,'Cheque','A100');
	insert into ventas values (511,to_date('04-10-2020','dd-mm-yyyy'),800000,'Efectivo','A350');
	insert into ventas values (512,to_date('14-09-2020','dd-mm-yyyy'),290000,'Cheque','M560');
	insert into ventas values (513,to_date('11-11-2020','dd-mm-yyyy'),200000,'Efectivo','C210');
	insert into ventas values (514,to_date('12-12-2020','dd-mm-yyyy'),2800000,'Efectivo','R400');
	insert into venta values (500,to_date('01-04-2018','dd-mm-yyyy'),1247500,'Efectivo','A350');
	insert into venta values (501,to_date('05-03-2018','dd-mm-yyyy'),210000,'Cheque','M560');
	insert into venta values (503,to_date('20-10-2018','dd-mm-yyyy'),750000,'Efectivo','A100');
	insert into venta values (504,to_date('30-03-2018','dd-mm-yyyy'),812000,'Efectivo','C210');
	insert into venta values (505,to_date('01-10-2019','dd-mm-yyyy'),3000000,'Cheque','M560');
	insert into venta values (506,to_date('04-01-2019','dd-mm-yyyy'),280000,'Efectivo','A350');
	insert into venta values (507,to_date('08-08-2019','dd-mm-yyyy'),2000000,'Efectivo','A100');
	insert into venta values (508,to_date('01-10-2019','dd-mm-yyyy'),5640000,'Cheque','R400');
	insert into venta values (509,to_date('04-05-2020','dd-mm-yyyy'),2800000,'Efectivo','R400');
	insert into detalle_venta values (500,302,50,'Por retirar');
	insert into detalle_venta values (501,303,30,'Retira el sábado');
	insert into detalle_venta values (503,304,40,'Llamar por teléfono');
	insert into detalle_venta values (504,302,10,'Retirado');
	insert into detalle_venta values (504,304,30,'Retirado');
	insert into detalle_venta values (505,301,1000,'Pedido OK');
	insert into detalle_venta values (506,303,40,'Pedido OK');
	insert into detalle_venta values (507,300,500,'Pedido OK');
	insert into detalle_venta values (508,306,100,'Confirma el despacho');
	insert into detalle_venta values (508,302,200,'Confirma el despacho');
	insert into detalle_venta values (509,303,400,'Retirado');