INSERT INTO MUNICIPALIDADES VALUES(1,'PROVIDENCIA');
INSERT INTO MUNICIPALIDADES VALUES(2,'SANTIAGO');
INSERT INTO MUNICIPALIDADES VALUES(3,'LA REINA');
INSERT INTO MUNICIPALIDADES VALUES(4,'SAN MIGUEL');
INSERT INTO MUNICIPALIDADES VALUES(5,'LA GRANJA');
INSERT INTO MUNICIPALIDADES VALUES(6,'ÑUÑOA');


insert into funcionarios_municipales values('15865555-4','Juan','Antonio','Vasquez','Rodriguez','M','j.vazquez@municipio.cl',(sysdate-9800), '545454521',1);
insert into funcionarios_municipales values('13555478-4','Diego','Javier','Dominguez','Hernandez','M','d.dominguez@municipio.cl',(sysdate-11000), '545454521',2);
insert into funcionarios_municipales values('15966857-7','Manuel','Ivan','Perez','Gutierrez','M','m.perez@municipio.cl',  (sysdate-7800), '545454521',3);
insert into funcionarios_municipales values('25666354-6','Mario','Domingo','Fernandez','Quilodran','M','m.fernandez@municipio.cl',  (sysdate-11800), '545454521',1);
insert into funcionarios_municipales values('21555487-4','Andres','Ernesto','Alegria','Ulloa','M','a.alegria@municipio.cl',  (sysdate-8800), '545454521',3);
insert into funcionarios_municipales values('14365224-k','Antonio','Eduardo','Reyes','Bañados','M','a.reyez@municipio.cl',  (sysdate-10900), '545454521',4);
insert into funcionarios_municipales values('11958774-5','Matias','Alexis','Dominguez','Alesandrini','M','m.dominguez@municipio.cl',  (sysdate-18800), '545454521',5);
insert into funcionarios_municipales values('19655475-2','Daniela','Andrea','Del Rio','Soto','F','d.delrio@municipio.cl',  (sysdate-15800), '545454521',4);
insert into funcionarios_municipales values('17654478-9','Jimena','Tamara','Hurtado','Donoso','F','j.hurtado@municipio.cl',  (sysdate-7900), '545454521',5);
insert into funcionarios_municipales values('16555241-7','Claudia','Carolina','Pedreros','Pinares','F','c.pedreros@municipio.cl',  (sysdate-14000), '545454521',6);
insert into funcionarios_municipales values('18254441-8','Claudio','Antonio','Carreño','Almeida','M','c.carrenio@municipio.cl',  (sysdate-11200), '545454521',6);
insert into funcionarios_municipales values('14658874-3','Evelyn','Ester','Villalobos','Robles','F','e.villalobos@municipio.cl',  (sysdate-14000), '545454521',3);
insert into funcionarios_municipales values('11966352-4','Eva','Isabella','Diaz','Contador','F','e.diaz@municipio.cl',  (sysdate-10100), '545454521',2);
insert into funcionarios_municipales values('16321456-9','Salvador','Maximiliano','Vivanco','Cisterna','M','s.vivanco@municipio.cl',  (sysdate-17000), '545454521',2);
insert into funcionarios_municipales values('22366551-0','Ernesto','Pablo','Vasquez','Gonzalez','M','e.vasquez@municipio.cl',  (sysdate-15241), '545454521',3);

insert into inspectores values(1,(sysdate - 635),'13555478-4');
insert into inspectores values(2,(sysdate - 335),'15865555-4');
insert into inspectores values(3,(sysdate - 435),'17654478-9');
insert into inspectores values(4,(sysdate - 635),'25666354-6');
insert into inspectores values(5,(sysdate - 735),'11966352-4');
insert into inspectores values(6,(sysdate - 335),'11958774-5');
insert into inspectores values(7,(sysdate - 235),'22366551-0');
insert into inspectores values(8,(sysdate - 135),'14365224-k');
insert into inspectores values(9,(sysdate - 135),'18254441-8');
insert into inspectores values(10,(sysdate - 335),'16321456-9');
insert into inspectores values(11,(sysdate - 535),'16555241-7');
insert into inspectores values(12,(sysdate - 735),'14658874-3');
insert into inspectores values(13,(sysdate - 345),'21555487-4');
insert into inspectores values(14,(sysdate - 655),'19655475-2');
insert into inspectores values(15,(sysdate - 695),'15966857-7');


insert into juzgados_policia_local values(1,'SANTIAGO JL 1',2);
insert into juzgados_policia_local values(2,'SANTIAGO JL 2',2);
insert into juzgados_policia_local values(3,'SANTIAGO JL 3',2);
insert into juzgados_policia_local values(4,'SANTIAGO JL 4',2);
insert into juzgados_policia_local values(5,'PROVIDENCIA JL 1',1);
insert into juzgados_policia_local values(6,'PROVIDENCIA JL 2',1);
insert into juzgados_policia_local values(7,'PROVIDENCIA JL 3',1);
insert into juzgados_policia_local values(8,'LA REINA JL 1',3);
insert into juzgados_policia_local values(9,'LA REINA JL 2',3);
insert into juzgados_policia_local values(10,'SAN MIGUEL JL 1',4);
insert into juzgados_policia_local values(11,'LA GRANJA JL 2',5);
insert into juzgados_policia_local values(12,'ÑUÑOA JL 1',6);
insert into juzgados_policia_local values(13,'ÑUÑOA JL 2',6);

insert into vehiculos values('HFCK69','POCOYOTA','CORONA');
insert into vehiculos values('HFCK62','MENOSDA','4');
insert into vehiculos values('HFCK57','POCOYOTA','CORONA');
insert into vehiculos values('PLHG97','QIA','LAGUNA');
insert into vehiculos values('LFTK63','PEGOT','FLUYEN');
insert into vehiculos values('MNFC52','FIAR','DOS');
insert into vehiculos values('HFCK19','MITSUIDUSHI','L500');
insert into vehiculos values('TFCH63','POCOYOTA','CORONA');
insert into vehiculos values('BCRR25','MENOSDA','4');
insert into vehiculos values('HRDS45','POCOYOTA','CORONA');
insert into vehiculos values('PLRG97','QIA','LAGUNA');
insert into vehiculos values('RDQS47','PEGOT','FLUYEN');
insert into vehiculos values('GBSM19','FIAR','DOS');
insert into vehiculos values('JKPC52','MITSUIDUSHI','L500');
insert into vehiculos values('LMNP69','POCOYOTA','CORONA');
insert into vehiculos values('BCDF62','MENOSDA','4');
insert into vehiculos values('HJKL57','POCOYOTA','CORONA');
insert into vehiculos values('DBCF97','QIA','LAGUNA');
insert into vehiculos values('DCMV69','PEGOT','FLUYEN');
insert into vehiculos values('FFCK42','FIAR','DOS');
insert into vehiculos values('HGCK16','MITSUIDUSHI','L500');
insert into vehiculos values('HHCK35','POCOYOTA','CORONA');
insert into vehiculos values('HMCK44','MENOSDA','4');
insert into vehiculos values('MFCK01','POCOYOTA','CORONA');
insert into vehiculos values('GBSM02','FIAR','DOS');
insert into vehiculos values('JKPC03','MITSUIDUSHI','L500');
insert into vehiculos values('LMNP03','POCOYOTA','CORONA');
insert into vehiculos values('BCDF04','MENOSDA','4');
insert into vehiculos values('HJKL04','POCOYOTA','CORONA');
insert into vehiculos values('DBCF05','QIA','LAGUNA');
insert into vehiculos values('DCMV99','PEGOT','FLUYEN');
insert into vehiculos values('FFCK97','FIAR','DOS');
insert into vehiculos values('HGCK59','MITSUIDUSHI','L500');
insert into vehiculos values('HHCK96','POCOYOTA','CORONA');
insert into vehiculos values('HMCK94','MENOSDA','4');
insert into vehiculos values('MFCK95','POCOYOTA','CORONA');

create sequence sq_log start with 1;
create sequence sq_multas start with 1;

insert into multas values(sq_multas.nextval,'av providencia 2541',(sysdate-5),'mal estacionado',60000, 'HFCK69',1,2);
insert into multas values(sq_multas.nextval,'av nueva providencia 2541',(sysdate-15),'uso de pista de buses',90000, 'HFCK69',2,7);
insert into multas values(sq_multas.nextval,'av providencia 2541',(sysdate-15),'mal estacionado',60000, 'HFCK69',1,5);
insert into multas values(sq_multas.nextval,'av nueva providencia 2541',(sysdate-17),'uso de pista de buses',90000, 'HFCK69',2,1);
insert into multas values(sq_multas.nextval,'larrain 6541',(sysdate-5),'mal estacionado',60000, 'HFCK69',3,3);
insert into multas values(sq_multas.nextval,'vicuña mackenna 7455',(sysdate-15),'uso de pista de buses',90000, 'HFCK69',2,2);
insert into multas values(sq_multas.nextval,'vicuña mackenna 2541',(sysdate-5),'mal estacionado',60000, 'HFCK69',3,2);
insert into multas values(sq_multas.nextval,'rojas magallanes 6587',(sysdate-15),'uso de pista de buses',90000, 'HFCK69',2,10);
insert into multas values(sq_multas.nextval,'colombia 2988',(sysdate-35),'mal estacionado',60000, 'HFCK69',2,10);
insert into multas values(sq_multas.nextval,'victoria 541',(sysdate-14),'uso de pista de buses',90000, 'FFCK42',3,2);
insert into multas values(sq_multas.nextval,'juan valdes 9687',(sysdate-34),'mal estacionado',60000, 'HFCK69',3,11);
insert into multas values(sq_multas.nextval,'laura rodriguez 457',(sysdate-23),'mal estacionado',60000, 'HFCK69',4,3);
insert into multas values(sq_multas.nextval,'tobalaba 3544',(sysdate-54),'mal estacionado',60000, 'MFCK95',5,13);
insert into multas values(sq_multas.nextval,'rojas magallanes 5988',(sysdate-52),'mal estacionado',60000, 'FFCK97',6,10);
insert into multas values(sq_multas.nextval,'irarrazaval 4875',(sysdate-51),'mal estacionado',60000, 'HHCK96',7,12);
insert into multas values(sq_multas.nextval,'simon bolivar 5687',(sysdate-35),'mal estacionado',60000, 'HFCK69',7,13);
insert into multas values(sq_multas.nextval,'vicuña mackenna 750',(sysdate-53),'mal estacionado',60000, 'HHCK96',8,4);
insert into multas values(sq_multas.nextval,'santa rosa 1580',(sysdate-53),'mal estacionado',60000, 'MFCK95',8,3);
insert into multas values(sq_multas.nextval,'pocuro 3010',(sysdate-52),'mal estacionado',60000, 'HFCK69',9,7);
insert into multas values(sq_multas.nextval,'los leones 657',(sysdate-46),'mal estacionado',60000, 'MFCK95',10,6);
insert into multas values(sq_multas.nextval,'eliodoro yañez 2975',(sysdate-42),'mal estacionado',60000, 'LMNP03',10,6);
insert into multas values(sq_multas.nextval,'general del canto 687',(sysdate-41),'mal estacionado',60000, 'FFCK42',11,5);